Crash Record Number,County Code,County Name,Municipality Code,Municipality Name,District Code,District Name,Police Agency Code,Police Agency Name,Crash Year,Crash Month,Day of Week,Time of Day,Hour of Day,Illumination,Weather,Road Condition,Collision Type,Work Zone Type,Work Zone Location,Intersection Type,Traffic Control Device,Location Type,Urban / Rural,Fatality Count,Injury Count,Person Count,Total Unit Count,School Bus Indicator,School Zone Indicator,Latitude,Longitude,Arrival Time,Dispatch Time,Construction Zone Speed Limit,Estimated Hours Closed,Lane Closed,Lane Closure Direction,Notify Highway Maintenance,Special Jurisdiction,Traffic Control Device Function,Traffic Detour,Workers Present,Work Zone Close/Detour,Work Zone Flagger,Work Zone Law Officer,Work Zone Closure,Work Zone Moving,Work Zone Other,Work Zone Shoulder/Median,Vehicle Count,Automobile Count,Motorcycle Count,Bus Count,Small Truck Count,Heavy Truck Count,SUV Count,Van Count,Bicycle Count,Suspected Serious Injury Count,Suspected Minor Injury Count,Possible Injury Count,Total Injury Count,Unknown Injury Degree Count,Unknown Injury Person Count,16 Year Old Driver Count,17 Year Old Driver Count,18 Year Old Driver Count,19 Year Old Driver Count,20 Year Old Driver Count,50-64 Year Old Driver Count,65-74 Year Old Driver Count,75 Plus Year Old Driver Count,Unbelted Occupant Count,Unbelted Death Count,Unbelted Suspected Serious Injury Count,Belted Death Count,Belted Suspected Serious Injury Count,Motorcycle Death Count,Motorcycle Suspected Serious Injury Count,Bicycle Death Count,Bicycle Suspected Serious Injury Count,Pedestrian Count,Pedestrian Death Count,Pedestrian Suspected Serious Injury Count,Maximum Severity Level,Commercial Vehicle Count,Latitude (Decimal),Longitude (Decimal),Roadway Surface Type,Interstate,State Road,Local Road Only,Turnpike,Wet Road,Snow Slush Road,Icy Road,Sudden Deer,Shoulder Related,Rear End,Head On / Opposite Direction Side Swipe,Hit Fixed Object,Single Vehicle Run Off Road,Work Zone,Property Damage Only,Injury or Fatal,Fatal or Suspected Serious Injury,Injury,Fatal,Non Intersection,Intersection,Signalized Intersection,Stop Controlled Intersection,Unsignalized Intersection,School Bus,School Zone,Hit Deer,Hit Tree / Shrub,Hit Embankment,Hit Pole,Hit Guide Rail,Hit Guide Rail End,Hit Barrier,Hit Bridge,Overturned,Motorcycle,Bicycle,Heavy Truck Related,Vehicle Failure,Train / Trolley,Phantom Vehicle,Alcohol Related,Drinking Driver,Underage Drinking Driver,Unlicensed,Distracted,Cell Phone,No Clearance,Running Red Light,Tailgating,Cross Median,Curved Road,Curve Driver Error,Limit 65 MPH,Speeding,Speeding Related,Aggressive Driving,Fatigue / Asleep,Driver 16 Years Old,Driver 17 Years Old,Driver 18 Years Old,Driver 19 Years Old,Driver 20 Years Old,Driver 50 - 64 Years Old,Driver 65 - 74 Years Old,Driver 75 Plus,Unbelted,Pedestrian,Commercial Vehicle,PSP Reported,NHTSA Aggressive Driving,Deer Related,Illumination Dark,Running Stop Sign,Train,Trolley,Hit Parked Vehicle,Fire In Vehicle,Vehicle Towed,Hazardous Truck,Suspected Serious Injury,Suspected Minor Injury,Possible Injury,Motorcycle Drinking Driver,Drug Related,Illegal Drug Related,School Bus Unit,Drugged Driver,Impaired Driver,Geographic Location of the Crash
2006127445,40,Luzerne,40214,Hazle Twp,04,District 4-0,68N01,PSP - Hazleton,2006,11,5,1308,13,Daylight,No adverse conditions,Dry,Other or Unknown, , ,T intersection,Traffic signal, ,Rural,0,1,3,2,No,No,40 56:24.000,75 56:45.214,1322,1310,  , ,No, , , ,Device Functioning improperly, , , , , , , , , ,2,1,0,0,1,0,0,0,0,0,0,1,1,0,0,0,0,0,0,0,0,0,1,1,0,0,0,0,0,0,0,0,0,0,0,4,0,40.9402,-75.9459, ,No,Yes,No,No,No,No,No,No,No,No,No,No,No,No,No,Yes,No,Yes,No,No,Yes,Yes,No,No,No,No,No,No,No,No,No,No,No,No,No,No,No,No,No,No,No,No,No,No,No,No,No,No,No,No,No,No,No,No,No,No,Yes,No,No,No,No,No,No,No,No,Yes,Yes,No,No,Yes,No,No,No,No,No,No,No,No,Yes,No,No,No,Yes,No,No,No,No,No,No,"(40.9402, -75.9459)"
2014080449,42,Mckean,42301,Bradford City,02,District 2-0,42301,BRADFORD CITY,2014,08,2,1940,19,Daylight,No adverse conditions,Dry,Angle, , ,Mid-block,Not applicable, ,Urbanized,0,1,2,2,No,No,41 56:46.240,78 38:58.190,1949,1940,  , ,No, , , ,No Controls, , , , , , , , , ,1,1,0,0,0,0,0,0,1,0,0,1,1,0,0,0,0,0,0,0,0,0,0,1,0,0,0,0,0,0,0,0,0,0,0,4,0,41.9462,-78.6495, ,No,No,Yes,No,No,No,No,No,No,No,No,No,No,No,No,Yes,No,Yes,No,Yes,No,No,No,No,No,No,No,No,No,No,No,No,No,No,No,No,Yes,No,No,No,No,No,No,No,No,No,No,No,No,No,No,No,No,No,No,No,No,No,No,No,No,No,No,No,No,No,Yes,No,No,No,No,No,No,No,No,No,No,No,No,No,No,No,Yes,No,No,No,No,No,No,"(41.9462, -78.6495)"
2005191036,01,Adams,01216,Mount Pleasant Twp,08,District 8-0,68H06,PSP - Gettysburg,2002,11,6,1625,16,Daylight,No adverse conditions,Dry,Angle, , ,Mid-block,Not applicable, ,Rural,0,2,4,2,No,No,,,1647,1628,  ,2, ,East and West, , ,No Controls, , , , , , , , , ,2,2,0,0,0,0,0,0,0,1,0,1,2,0,0,0,0,0,0,0,0,0,0,1,0,1,0,0,0,0,0,0,0,0,0,2,0,,, ,No,No,Yes,No,No,No,No,No,No,No,No,No,No,No,No,Yes,Yes,Yes,No,Yes,No,No,No,No,No,No,No,No,No,No,No,No,No,No,No,No,No,No,No,No,No,No,No,No,No,No,No,No,No,No,No,Yes,No,No,No,Yes,Yes,No,No,No,No,No,No,No,No,No,Yes,No,No,Yes,No,No,No,No,No,No,No,No,Yes,No,Yes,No,Yes,No,No,No,No,No,No,
2000040847,02,Allegheny,02301,Pittsburgh City,11,District 11-0,02301,PITTSBURGH CITY,2000,04,6,2015,20,Dark street lights,Rain,Wet,Angle, , ,Four way intersection,Not applicable, ,Urban,0,4,4,2,No,No,40 24:52.059,79 59:18.895,9999,9999,  , ,No, , , ,No Controls, , , , , , , , , ,2,2,0,0,0,0,0,0,0,0,0,0,0,0,4,0,0,0,0,0,0,0,0,4,0,0,0,0,0,0,0,0,0,0,0,9,0,40.4145,-79.9886, ,No,No,Yes,No,Yes,No,No,No,No,No,No,No,No,No,No,No,No,No,No,No,Yes,No,No,Yes,No,No,No,No,No,No,No,No,No,No,No,No,No,No,No,No,No,No,No,No,No,No,No,Yes,No,No,No,No,No,No,No,No,Yes,No,No,No,No,No,No,No,No,No,Yes,No,No,No,No,No,Yes,No,No,No,No,No,No,No,No,No,No,No,No,No,No,No,No,"(40.4145, -79.9886)"
1997053230,07,Blair,07301,Altoona City,09,District 9-0,07301,ALTOONA CITY,1997,05,6,1637,16,Daylight,No adverse conditions,Dry,Angle, , ,Four way intersection,Traffic signal, ,Urban,0,2,2,2,No,No,40 30:16.920,78 23:47.400,9999,9999,  , ,No, , , ,Device Functioning properly, , , , , , , , , ,2,1,0,0,0,0,1,0,0,0,0,2,2,0,0,0,0,0,0,0,0,0,0,1,0,0,0,0,0,0,0,0,0,0,0,4,0,40.5049,-78.3964, ,No,Yes,No,No,No,No,No,No,No,No,No,No,No,No,No,Yes,No,Yes,No,No,Yes,Yes,No,No,No,No,No,No,No,No,No,No,No,No,No,No,No,No,No,No,No,No,No,No,No,No,No,No,No,No,No,No,No,No,No,Yes,Yes,No,No,No,No,No,No,No,No,No,Yes,No,No,No,Yes,No,No,No,No,No,No,No,Yes,No,No,No,Yes,No,No,No,No,No,No,"(40.5049, -78.3964)"
2015072994,40,Luzerne,40301,Hazleton City,04,District 4-0,40301,HAZLETON CITY,2015,07,4,1654,16,Daylight,No adverse conditions,Dry,Sideswipe (same dir.), , ,Mid-block,Not applicable, ,Urbanized,0,1,1,2,No,No,40 57:21.898,75 58:22.633,1701,1658,  ,1, ,South, , ,No Controls, , , , , , , , , ,2,0,0,0,0,0,2,0,0,0,0,1,1,0,0,0,0,0,0,0,0,1,0,1,0,0,0,0,0,0,0,0,0,0,0,4,0,40.9561,-75.973, ,No,No,Yes,No,No,No,No,No,No,No,No,No,No,No,No,Yes,No,Yes,No,Yes,No,No,No,No,No,No,No,No,No,No,No,No,No,No,No,No,No,No,No,No,No,No,No,No,No,No,No,No,No,No,No,No,No,No,No,No,No,No,No,No,No,No,No,No,Yes,No,Yes,No,No,No,No,No,No,No,No,No,Yes,No,Yes,No,No,No,Yes,No,Yes,No,No,Yes,Yes,"(40.9561, -75.973)"
1999400552,40,Luzerne,40104,Wilkes,04,District 4-0,40104,WILKES BARRE TWP,1999,07,3,2135,21,Dark no street lights,No adverse conditions,Dry,Head-on, , ,Mid-block,Not applicable, ,Urban,2,3,5,2,No,No,41 13:50.160,75 52:17.040,9999,9999,  , ,No, , ,Unknown,No Controls, , , , , , , , , ,2,1,0,0,0,0,0,1,0,0,3,0,3,0,0,0,1,0,0,0,1,0,0,3,2,0,0,0,0,0,0,0,0,0,0,1,0,41.2306,-75.8714,Blacktop,No,Yes,No,No,No,No,No,No,No,No,Yes,No,No,No,No,Yes,Yes,Yes,Yes,Yes,No,No,No,No,No,No,No,No,No,No,Yes,No,No,No,No,No,No,No,No,No,No,No,No,No,No,No,No,No,No,No,Yes,No,No,No,No,No,No,No,No,Yes,No,No,No,Yes,No,No,Yes,No,No,No,No,No,Yes,No,No,No,No,No,Yes,No,No,Yes,No,No,No,No,No,No,No,"(41.2306, -75.8714)"
2001271532,25,Erie,25215,Springfield Twp,01,District 1-0,68E04,PSP - Girard,2001,06,7,0220,02,Dark no street lights,No adverse conditions,Dry,Hit fixed object, , ,Mid-block,Not applicable, ,Rural,0,2,2,1,No,No,41 58:30.000,80 27:21.240,9999,9999,  , ,No, , , ,No Controls, , , , , , , , , ,1,0,0,0,1,0,0,0,0,0,0,2,2,0,0,0,0,0,0,0,0,0,0,1,0,0,0,0,0,0,0,0,0,0,0,4,0,41.9751,-80.4559, ,No,Yes,No,No,No,No,No,No,No,No,No,Yes,Yes,No,No,Yes,No,Yes,No,Yes,No,No,No,No,No,No,No,No,No,Yes,No,No,No,No,No,No,No,No,No,No,No,Yes,Yes,No,No,No,No,No,No,No,Yes,No,No,No,No,No,No,No,No,No,No,No,No,No,No,No,Yes,No,No,Yes,No,No,Yes,No,No,No,No,No,Yes,No,No,No,Yes,No,No,No,No,No,Yes,"(41.9751, -80.4559)"
1999029607,02,Allegheny,02301,Pittsburgh City,11,District 11-0,02301,PITTSBURGH CITY,1999,04,5,0215,02,Dark street lights,No adverse conditions,Dry,Hit fixed object, , ,Mid-block,Not applicable, ,Urban,0,0,1,1,No,No,40 28:19.200,80 00:55.800,9999,9999,  , ,No, , , ,No Controls, , , , , , , , , ,1,1,0,0,0,0,0,0,0,0,0,0,0,0,0,0,0,0,0,0,0,0,0,1,0,0,0,0,0,0,0,0,0,0,0,0,0,40.4723,-80.0155, ,No,Yes,No,No,No,No,No,No,No,No,No,Yes,Yes,No,Yes,No,No,No,No,Yes,No,No,No,No,No,No,No,No,No,Yes,No,No,No,No,Yes,No,No,No,No,No,No,No,No,No,No,No,No,No,No,No,Yes,No,No,No,No,No,No,No,No,No,No,No,No,No,No,No,Yes,No,No,No,No,No,Yes,No,No,No,No,No,Yes,No,No,No,No,No,No,No,No,No,No,"(40.4723, -80.0155)"
2005179863,61,Warren,61301,Warren City,01,District 1-0,61301,WARREN CITY,2002,12,3,1350,13,Daylight,No adverse conditions,Dry,Hit pedestrian, , ,Four way intersection,Traffic signal, ,Urbanized,0,1,2,2,No,No,,,1355,1353,  , ,No, , , ,Device Functioning properly, , , , , , , , , ,1,1,0,0,0,0,0,0,0,0,0,1,1,0,0,0,0,0,0,0,0,0,0,1,0,0,0,0,0,0,0,0,1,0,0,4,0,,, ,No,No,Yes,No,No,No,No,No,No,No,No,No,No,No,No,Yes,No,Yes,No,No,Yes,Yes,No,No,No,No,No,No,No,No,No,No,No,No,No,No,No,No,No,No,No,No,No,No,No,Yes,No,No,No,No,No,No,No,No,No,No,No,No,No,No,No,No,No,No,No,No,Yes,Yes,No,No,No,No,No,No,No,No,No,No,No,No,No,No,Yes,No,No,No,No,No,No,
2000056547,63,Wayne,63221,Sterling Twp,04,District 4-0,68R03,PSP - Honesdale,2000,04,7,0045,00,Dark no street lights,No adverse conditions,Dry,Hit fixed object, , ,Mid-block,Not applicable, ,Rural,0,0,3,1,No,No,41 21:44.640,75 23:10.680,9999,9999,  , ,No, , , ,No Controls, , , , , , , , , ,1,1,0,0,0,0,0,0,0,0,0,0,0,0,0,1,0,0,0,0,0,0,0,1,0,0,0,0,0,0,0,0,0,0,0,0,0,41.3624,-75.3863, ,No,Yes,No,No,No,No,No,No,No,No,No,Yes,Yes,No,Yes,No,No,No,No,Yes,No,No,No,No,No,No,No,Yes,No,No,No,No,No,No,No,No,No,No,No,No,No,Yes,Yes,Yes,No,No,No,No,No,No,No,No,No,No,No,No,No,No,Yes,No,No,No,No,No,No,No,Yes,No,No,Yes,No,No,Yes,No,No,No,No,No,Yes,No,No,No,No,No,No,No,No,No,Yes,"(41.3624, -75.3863)"
2000008317,47,Montour,47401,Danville Boro,03,District 3-0,47401,DANVILLE BORO,2000,02,2,0552,05,Daylight,No adverse conditions,Wet,Other or Unknown, , ,Mid-block,Not applicable, ,Urbanized,0,1,1,2,No,No,40 57:49.680,76 36:50.760,9999,9999,  , ,No, , , ,No Controls, , , , , , , , , ,2,1,0,0,0,0,0,0,0,0,0,1,1,0,0,0,0,0,0,0,0,0,0,1,0,0,0,0,0,0,0,0,0,0,0,4,0,40.9638,-76.6141, ,No,Yes,No,No,Yes,No,No,No,No,No,No,No,No,No,No,Yes,No,Yes,No,Yes,No,No,No,No,No,No,No,No,No,No,No,No,No,No,No,No,No,No,No,No,No,Yes,Yes,No,No,No,No,No,No,No,No,No,No,No,No,No,No,No,No,No,No,No,No,No,No,No,Yes,No,No,No,No,No,No,No,No,No,Yes,No,Yes,No,No,No,Yes,No,No,No,No,No,Yes,"(40.9638, -76.6141)"
1997116042,09,Bucks,09219,Plumstead Twp,06,District 6-0,09219,PLUMSTEAD TWP,1997,10,6,1834,18,Dark no street lights,No adverse conditions,Dry,Non collision, , ,Mid-block,Not applicable, ,Rural,0,1,1,1,No,No,40 22:19.200,75 09:50.760,9999,9999,  , ,No, , , ,No Controls, , , , , , , , , ,1,1,0,0,0,0,0,0,0,0,1,0,1,0,0,0,0,0,0,0,0,0,0,1,0,0,0,0,0,0,0,0,0,0,0,3,0,40.372,-75.1641, ,No,Yes,No,No,No,No,No,No,No,No,No,No,Yes,No,No,Yes,No,Yes,No,Yes,No,No,No,No,No,No,No,Yes,No,No,No,No,No,No,Yes,No,No,No,No,No,No,Yes,Yes,No,No,No,No,No,No,No,Yes,No,No,No,No,No,No,No,No,No,No,No,No,No,No,No,Yes,No,No,No,No,No,Yes,No,No,No,No,No,Yes,No,No,Yes,No,No,No,No,No,No,Yes,"(40.372, -75.1641)"
2014088983,67,Philadelphia,67301,Philadelphia City,06,District 6-0,67301,PHILADELPHIA CITY,2014,08,7,1102,11,Daylight,No adverse conditions,Dry,Angle, , ,Four way intersection,Stop sign, ,Urban,0,0,5,3,No,No,39 56:49.135,75 12:54.644,1110,1108,  , ,No, , , ,Device Functioning properly, , , , , , , , , ,3,2,0,0,0,0,1,0,0,0,0,0,0,0,0,0,0,0,0,0,0,1,0,2,0,0,0,0,0,0,0,0,0,0,0,0,0,39.947,-75.2152, ,No,No,Yes,No,No,No,No,No,No,No,No,No,No,No,Yes,No,No,No,No,No,Yes,No,Yes,Yes,No,No,No,No,No,No,No,No,No,No,No,No,No,No,No,No,No,No,No,No,No,No,No,No,No,No,No,No,No,No,No,No,No,No,No,No,No,No,No,No,Yes,No,Yes,No,No,No,No,No,No,No,No,No,No,No,Yes,No,No,No,No,No,No,No,No,No,No,"(39.947, -75.2152)"
2000093556,09,Bucks,09202,Bensalem Twp,06,District 6-0,09202,BENSALEM TWP,2000,08,5,1955,19,Dusk,No adverse conditions,Dry,Hit fixed object, , ,Mid-block,Not applicable, ,Urban,0,1,1,1,No,No,40 04:46.920,74 55:14.160,9999,9999,  , ,No, , , ,No Controls, , , , , , , , , ,1,0,0,0,1,0,0,0,0,0,0,0,0,0,1,0,0,0,0,1,0,0,0,1,0,0,0,0,0,0,0,0,0,0,0,9,0,40.0797,-74.9207, ,No,Yes,No,No,No,No,No,No,No,No,No,Yes,Yes,No,No,No,No,No,No,Yes,No,No,No,No,No,No,No,No,No,Yes,No,No,No,No,No,No,No,No,No,No,No,No,No,No,No,No,No,No,No,No,Yes,No,No,No,No,No,No,No,No,No,No,No,Yes,No,No,No,Yes,No,No,No,No,No,No,No,No,No,No,No,Yes,No,No,No,No,No,No,No,No,No,No,"(40.0797, -74.9207)"
2009013500,67,Philadelphia,67301,Philadelphia City,06,District 6-0,67301,PHILADELPHIA CITY,2008,12,2,1140,11,Daylight,No adverse conditions,Wet,Head-on, , ,T intersection,Traffic signal, ,Urban,0,0,2,2,No,No,40 01:32.812,75 12:11.307,1205,1140,  , ,No, , , ,Device Functioning properly, , , , , , , , , ,2,2,0,0,0,0,0,0,0,0,0,0,0,0,0,0,0,0,0,0,0,0,0,2,0,0,0,0,0,0,0,0,0,0,0,0,0,40.0259,-75.2032, ,No,Yes,No,No,Yes,No,No,No,No,No,Yes,No,No,No,Yes,No,No,No,No,No,Yes,Yes,No,No,No,No,No,No,No,No,No,No,No,No,No,No,No,No,No,No,No,No,No,No,No,No,No,No,Yes,No,No,No,No,No,No,No,Yes,No,No,No,No,No,No,No,No,No,Yes,No,No,No,No,No,No,No,No,No,No,No,Yes,No,No,No,No,No,No,No,No,No,No,"(40.0259, -75.2032)"
2007068756,66,York,66201,Carroll Twp,08,District 8-0,66201,CARROLL TWP,2007,07,1,1158,11,Daylight,No adverse conditions,Dry,Rear-end, , ,T intersection,Not applicable, ,Rural,0,0,3,2,No,No,40 06:04.000,77 00:22.641,1207,1158,  , ,No, , , ,No Controls, , , , , , , , , ,2,1,0,0,1,0,0,0,0,0,0,0,0,0,0,0,0,1,0,0,0,0,0,1,0,0,0,0,0,0,0,0,0,0,0,0,0,40.1013,-77.0062, ,No,Yes,No,No,No,No,No,No,No,Yes,No,No,No,No,Yes,No,No,No,No,No,Yes,No,No,Yes,No,No,No,No,No,No,No,No,No,No,No,No,No,No,No,No,No,No,No,No,No,Yes,No,No,No,No,No,Yes,No,No,No,No,No,No,No,No,Yes,No,No,No,No,No,Yes,No,No,No,No,No,No,No,No,No,No,No,Yes,No,No,No,No,No,No,No,No,No,No,"(40.1013, -77.0062)"
2001267261,49,Northumberland,49201,Delaware Twp,03,District 3-0,68F06,PSP - Milton,2001,07,6,1918,19,Daylight,No adverse conditions,Dry,Hit fixed object, , ,Mid-block,Not applicable, ,Rural,0,1,2,1,No,No,,,9999,9999,  , ,No, , , ,No Controls, , , , , , , , , ,1,0,0,0,1,0,0,0,0,0,0,1,1,0,0,1,0,0,0,0,0,0,0,2,0,0,0,0,0,0,0,0,0,0,0,4,0,,, ,No,No,Yes,No,No,No,No,No,No,No,No,Yes,Yes,No,No,Yes,No,Yes,No,Yes,No,No,No,No,No,No,No,No,Yes,No,No,No,No,No,Yes,No,No,No,No,No,No,No,No,No,No,No,No,No,No,No,No,Yes,No,No,No,Yes,Yes,No,Yes,No,No,No,No,No,No,No,Yes,No,No,Yes,No,No,No,No,No,No,No,No,Yes,No,No,No,Yes,No,No,No,No,No,No,
2002063763,10,Butler,10228,Summit Twp,10,District 10-0,68D01,PSP - Butler,2002,02,6,2330,23,Dark no street lights,Snow,Wet,Hit fixed object, , ,Mid-block,Not applicable, ,Rural,0,1,2,2,No,No,,,0012,2346,  , ,No, , , ,No Controls, , , , , , , , , ,2,0,0,0,2,0,0,0,0,0,1,0,1,0,0,0,0,0,0,0,0,0,0,1,0,0,0,0,0,0,0,0,0,0,0,3,0,,, ,No,No,Yes,No,Yes,No,No,No,No,No,No,Yes,Yes,No,No,Yes,No,Yes,No,Yes,No,No,No,No,No,No,No,No,No,No,No,No,No,No,No,No,No,No,No,No,No,Yes,Yes,No,No,No,No,No,No,No,No,No,No,No,No,No,No,No,No,No,No,No,No,No,No,No,Yes,No,No,Yes,No,No,Yes,No,No,No,No,No,Yes,No,No,Yes,No,No,No,No,No,No,Yes,
2002230344,06,Berks,06301,Reading City,05,District 5-0,06301,READING CITY,2002,08,2,1900,19,Dusk,Rain,Wet,Angle, , ,Four way intersection,Traffic signal, ,Urban,0,2,4,2,No,No,40 19:27.480,75 56:00.600,9999,9999,  , ,No, , , ,Device Functioning properly, , , , , , , , , ,2,1,0,0,1,0,0,0,0,0,2,0,2,0,0,0,0,1,0,0,0,0,0,2,0,0,0,0,0,0,0,0,0,0,0,3,0,40.3243,-75.9336, ,No,Yes,No,No,Yes,No,No,No,No,No,No,No,No,No,No,Yes,No,Yes,No,No,Yes,Yes,No,No,No,No,No,No,No,No,No,No,No,No,No,No,No,No,No,No,No,No,No,No,No,No,No,No,No,No,No,No,No,No,No,No,Yes,No,No,No,Yes,No,No,No,No,No,Yes,No,No,No,No,No,No,No,No,No,No,No,Yes,No,No,Yes,No,No,No,No,No,No,No,"(40.3243, -75.9336)"
2004007331,67,Philadelphia,67301,Philadelphia City,06,District 6-0,67301,PHILADELPHIA CITY,2003,04,3,0215,02,Dark street lights,No adverse conditions,Dry,Rear-end, , ,Mid-block,Not applicable, ,Urban,0,0,2,2,No,No,,,0222,0222,  , ,No, , , ,No Controls, , , , , , , , , ,2,2,0,0,0,0,0,0,0,0,0,0,0,0,1,0,0,0,0,0,0,0,0,2,0,0,0,0,0,0,0,0,0,0,0,9,0,,, ,No,No,Yes,No,No,No,No,No,No,Yes,No,No,No,No,No,No,No,No,No,Yes,No,No,No,No,No,No,No,No,No,No,No,No,No,No,No,No,No,No,No,No,No,No,No,No,No,No,No,No,No,No,No,No,No,No,No,No,Yes,No,No,No,No,No,No,No,No,No,Yes,No,No,No,No,No,Yes,No,No,No,Yes,No,Yes,No,No,No,No,No,No,No,No,No,No,
2003210690,39,Lehigh,39403,Coopersburg Boro,05,District 5-0,39403,COOPERSBURG BORO,2003,05,5,1416,14,Daylight,No adverse conditions,Dry,Hit fixed object, , ,Mid-block,Not applicable, ,Rural,0,0,1,1,No,No,40 30:32.400,75 22:56.640,9999,9999,  , ,No, , , ,No Controls, , , , , , , , , ,1,1,0,0,0,0,0,0,0,0,0,0,0,0,0,0,0,0,0,0,0,0,0,1,0,0,0,0,0,0,0,0,0,0,0,0,0,40.509,-75.3825, ,No,Yes,No,No,No,No,No,No,No,No,No,Yes,Yes,No,Yes,No,No,No,No,Yes,No,No,No,No,No,No,No,No,No,Yes,No,No,No,No,No,No,No,No,No,No,No,No,No,No,No,No,No,No,No,No,No,No,No,No,No,No,No,No,No,No,No,No,No,No,No,No,Yes,No,No,No,No,No,No,No,No,No,No,No,Yes,No,No,No,No,No,No,No,No,No,No,"(40.509, -75.3825)"
2005023553,07,Blair,07301,Altoona City,09,District 9-0,07301,ALTOONA CITY,2004,10,6,1336,13,Daylight,No adverse conditions,Dry,Angle, , ,Four way intersection,Traffic signal, ,Urban,0,1,3,2,No,No,40 30:00.595,78 24:56.063,1341,1336,  ,1,Yes,East, , ,Device Functioning properly, , , , , , , , , ,2,1,0,0,0,0,0,1,0,0,0,0,1,1,0,0,0,0,0,0,0,0,0,1,0,0,0,0,0,0,0,0,0,0,0,8,0,40.5002,-78.4156, ,No,No,Yes,No,No,No,No,No,No,No,No,No,No,No,No,Yes,No,Yes,No,No,Yes,Yes,No,No,No,No,No,No,No,No,No,No,No,No,No,No,No,No,No,No,No,No,No,No,No,No,No,No,No,No,No,No,No,No,No,No,Yes,No,No,No,No,No,No,No,No,No,Yes,No,No,No,No,No,No,No,No,No,No,No,Yes,No,No,No,No,No,No,No,No,No,No,"(40.5002, -78.4156)"
1999021539,06,Berks,06238,Tilden Twp,05,District 5-0,68L04,PSP - Hamburg,1999,02,2,0010,00,Dark no street lights,Snow,Snow covered,Hit fixed object, , ,Mid-block,Not applicable, ,Rural,0,2,3,1,No,No,,,9999,9999,  , ,No, , , ,No Controls, , , , , , , , , ,1,1,0,0,0,0,0,0,0,0,2,0,2,0,0,0,0,0,0,0,0,0,0,1,0,0,0,0,0,0,0,0,0,0,0,3,0,,, ,No,No,Yes,No,No,Yes,No,No,No,No,No,Yes,Yes,No,No,Yes,No,Yes,No,Yes,No,No,No,No,No,No,No,Yes,No,No,No,No,No,No,No,No,No,No,No,No,No,No,No,No,No,No,No,No,No,No,No,Yes,Yes,No,No,Yes,Yes,No,No,No,No,No,No,No,No,No,Yes,No,No,Yes,No,No,Yes,No,No,No,No,No,Yes,No,No,Yes,No,No,No,No,No,No,No,
2016096801,02,Allegheny,02463,Swissvale Boro,11,District 11-0,02463,SWISSVALE BORO,2016,09,4,1713,17,Daylight,No adverse conditions,Dry,Sideswipe (same dir.), , ,Y intersection,Stop sign, ,Urban,0,1,2,2,No,No,40 25:25.906,79 53:14.118,1715,1713,  , ,No, , , ,Device Functioning properly, , , , , , , , , ,2,1,0,0,0,0,1,0,0,0,1,0,1,0,0,0,1,0,0,0,0,0,0,2,0,0,0,0,0,0,0,0,0,0,0,3,0,40.4239,-79.8873, ,No,No,Yes,No,No,No,No,No,No,No,No,No,No,No,No,Yes,No,Yes,No,No,Yes,No,Yes,Yes,No,No,No,No,No,No,No,No,No,No,No,No,No,No,No,No,No,No,No,No,No,No,No,No,No,No,No,No,No,No,No,No,Yes,No,No,Yes,No,No,No,No,No,No,Yes,No,No,No,No,No,No,Yes,No,No,No,No,Yes,No,No,Yes,No,No,No,No,No,No,No,"(40.4239, -79.8873)"
1997029566,46,Montgomery,46424,West Conshohocken Boro,06,District 6-0,68K01,PSP - Philadelphia,1997,03,7,1415,14,Daylight,No adverse conditions,Dry,Hit fixed object, , ,Mid-block,Not applicable, ,Urban,0,1,1,1,No,No,40 03:52.200,75 19:16.320,9999,9999,  , ,No, , , ,No Controls, , , , , , , , , ,1,1,0,0,0,0,0,0,0,0,1,0,1,0,0,0,0,0,0,0,1,0,0,1,0,0,0,0,0,0,0,0,0,0,0,3,0,40.0645,-75.3212, ,Yes,Yes,No,No,No,No,No,No,No,No,No,Yes,Yes,No,No,Yes,No,Yes,No,Yes,No,No,No,No,No,No,No,No,No,No,Yes,No,No,No,No,No,No,No,No,No,No,No,No,No,No,No,No,No,No,No,No,No,No,No,No,No,No,No,No,No,No,No,No,Yes,No,No,Yes,No,No,Yes,No,No,No,No,No,No,No,No,Yes,No,No,Yes,No,No,No,No,No,No,No,"(40.0645, -75.3212)"
2012041237,36,Lancaster,36408,Ephrata Boro,08,District 8-0,36408,EPHRATA,2012,04,3,1626,16,Daylight,No adverse conditions,Dry,Angle, , ,Four way intersection,Stop sign, ,Urbanized,0,0,6,2,No,No,40 10:57.079,76 10:28.081,1630,1628,  ,1, ,North And South, , ,Device Functioning properly, , , , , , , , , ,2,1,0,0,0,0,0,1,0,0,0,0,0,0,0,0,0,0,1,0,0,0,1,4,0,0,0,0,0,0,0,0,0,0,0,0,0,40.1825,-76.1745, ,No,No,Yes,No,No,No,No,No,No,No,No,No,No,No,Yes,No,No,No,No,No,Yes,No,Yes,Yes,No,No,No,No,No,No,No,No,No,No,No,No,No,No,No,No,No,No,No,No,No,No,No,Yes,No,No,No,No,No,No,No,No,Yes,No,No,No,No,Yes,No,No,No,Yes,Yes,No,No,No,No,No,No,No,No,No,No,No,Yes,No,No,No,No,No,No,No,No,No,No,"(40.1825, -76.1745)"