Crash Record Number,County Code,County Name,Municipality Code,Municipality Name,District Code,District Name,Police Agency Code,Police Agency Name,Crash Year,Crash Month,Day of Week,Time of Day,Hour of Day,Illumination,Weather,Road Condition,Collision Type,Work Zone Type,Work Zone Location,Intersection Type,Traffic Control Device,Location Type,Urban / Rural,Fatality Count,Injury Count,Person Count,Total Unit Count,School Bus Indicator,School Zone Indicator,Latitude,Longitude,Arrival Time,Dispatch Time,Construction Zone Speed Limit,Estimated Hours Closed,Lane Closed,Lane Closure Direction,Notify Highway Maintenance,Special Jurisdiction,Traffic Control Device Function,Traffic Detour,Workers Present,Work Zone Close/Detour,Work Zone Flagger,Work Zone Law Officer,Work Zone Closure,Work Zone Moving,Work Zone Other,Work Zone Shoulder/Median,Vehicle Count,Automobile Count,Motorcycle Count,Bus Count,Small Truck Count,Heavy Truck Count,SUV Count,Van Count,Bicycle Count,Suspected Serious Injury Count,Suspected Minor Injury Count,Possible Injury Count,Total Injury Count,Unknown Injury Degree Count,Unknown Injury Person Count,16 Year Old Driver Count,17 Year Old Driver Count,18 Year Old Driver Count,19 Year Old Driver Count,20 Year Old Driver Count,50-64 Year Old Driver Count,65-74 Year Old Driver Count,75 Plus Year Old Driver Count,Unbelted Occupant Count,Unbelted Death Count,Unbelted Suspected Serious Injury Count,Belted Death Count,Belted Suspected Serious Injury Count,Motorcycle Death Count,Motorcycle Suspected Serious Injury Count,Bicycle Death Count,Bicycle Suspected Serious Injury Count,Pedestrian Count,Pedestrian Death Count,Pedestrian Suspected Serious Injury Count,Maximum Severity Level,Commercial Vehicle Count,Latitude (Decimal),Longitude (Decimal),Roadway Surface Type,Interstate,State Road,Local Road Only,Turnpike,Wet Road,Snow Slush Road,Icy Road,Sudden Deer,Shoulder Related,Rear End,Head On / Opposite Direction Side Swipe,Hit Fixed Object,Single Vehicle Run Off Road,Work Zone,Property Damage Only,Injury or Fatal,Fatal or Suspected Serious Injury,Injury,Fatal,Non Intersection,Intersection,Signalized Intersection,Stop Controlled Intersection,Unsignalized Intersection,School Bus,School Zone,Hit Deer,Hit Tree / Shrub,Hit Embankment,Hit Pole,Hit Guide Rail,Hit Guide Rail End,Hit Barrier,Hit Bridge,Overturned,Motorcycle,Bicycle,Heavy Truck Related,Vehicle Failure,Train / Trolley,Phantom Vehicle,Alcohol Related,Drinking Driver,Underage Drinking Driver,Unlicensed,Distracted,Cell Phone,No Clearance,Running Red Light,Tailgating,Cross Median,Curved Road,Curve Driver Error,Limit 65 MPH,Speeding,Speeding Related,Aggressive Driving,Fatigue / Asleep,Driver 16 Years Old,Driver 17 Years Old,Driver 18 Years Old,Driver 19 Years Old,Driver 20 Years Old,Driver 50 - 64 Years Old,Driver 65 - 74 Years Old,Driver 75 Plus,Unbelted,Pedestrian,Commercial Vehicle,PSP Reported,NHTSA Aggressive Driving,Deer Related,Illumination Dark,Running Stop Sign,Train,Trolley,Hit Parked Vehicle,Fire In Vehicle,Vehicle Towed,Hazardous Truck,Suspected Serious Injury,Suspected Minor Injury,Possible Injury,Motorcycle Drinking Driver,Drug Related,Illegal Drug Related,School Bus Unit,Drugged Driver,Impaired Driver,Geographic Location of the Crash
2007030932,23,Delaware,23202,Chadds Ford Twp,06,District 6-0,68K02,PSP - Media,2006,12,2,0041,00,Dark no street lights,No adverse conditions,Dry,Hit fixed object, , ,Mid-block,Not applicable, ,Rural,0,1,1,1,No,No,39 51:56.000,75 34:33.665,0059,0041,  ,2, ,North And South, , ,No Controls, , , , , , , , , ,1,1,0,0,0,0,0,0,0,0,1,0,1,0,0,0,0,0,0,0,0,0,0,1,0,0,0,0,0,0,0,0,0,0,0,3,0,39.8656,-75.576, ,No,Yes,No,No,No,No,No,No,No,No,No,Yes,Yes,No,No,Yes,No,Yes,No,Yes,No,No,No,No,No,No,No,No,Yes,No,No,No,No,No,Yes,No,No,No,No,No,No,Yes,Yes,No,No,No,No,No,No,No,No,Yes,No,No,No,Yes,Yes,No,No,No,No,No,No,No,No,No,Yes,No,No,Yes,No,No,Yes,No,No,No,No,No,Yes,No,No,Yes,No,No,No,No,No,No,Yes,"(39.8656, -75.576)"
2000048380,18,Clinton,18209,East Keating Twp,02,District 2-0,68F04,PSP - Lamar,2000,04,6,1615,16,Daylight,No adverse conditions,Dry,Hit fixed object, , ,Mid-block,Not applicable, ,Rural,0,1,2,1,No,No,41 16:52.320,77 57:18.720,9999,9999,  , ,No, , , ,No Controls, , , , , , , , , ,1,1,0,0,0,0,0,0,0,0,0,1,1,0,0,0,0,0,1,0,0,0,0,2,0,0,0,0,0,0,0,0,0,0,0,4,0,41.2812,-77.9552, ,No,Yes,No,No,No,No,No,No,No,No,No,Yes,Yes,No,No,Yes,No,Yes,No,Yes,No,No,No,No,No,No,No,No,No,No,No,No,No,No,No,No,No,No,No,No,No,No,No,No,No,No,No,No,No,No,No,No,No,No,Yes,Yes,Yes,No,No,No,No,Yes,No,No,No,No,Yes,No,No,Yes,No,No,No,No,No,No,No,No,Yes,No,No,No,Yes,No,No,No,No,No,No,"(41.2812, -77.9552)"
2017109795,67,Philadelphia,67301,Philadelphia City,06,District 6-0,67301,PHILADELPHIA CITY,2017,09,2,1255,12,Daylight,No adverse conditions,Dry,Angle, , ,Four way intersection,Traffic signal,Not applicable,Urban,0,1,3,2,N,N,40 03:55.083,75 05:25.277,1259,1258,  , ,0, ,N, ,3, , , , , , , , , ,2,1,0,0,0,0,1,0,0,0,0,0,1,1,0,0,0,0,0,0,0,1,0,2,0,0,0,0,0,0,0,0,0,0,0,8,0,40.065300000000001,-75.090400000000002,  ,No,Yes,No,No,No,No,No,No,No,No,No,No,No,No,No,Yes,No,Yes,No,No,Yes,Yes,No,No,No,No,No,No,No,No,No,No,No,No,No,No,No,No,No,No,No,No,No,No,No,No,No,No,No,No,No,No,No,No,No,No,Yes,No,No,No,No,No,No,No,Yes,No,Yes,No,No,No,No,No,No,No,No,No,No,No,Yes,No,No,No,No,No,No,No,No,No,No,"(40.0653, -75.0904)"
1998078095,02,Allegheny,02115,Robinson Twp,11,District 11-0,02115,ROBINSON TWP,1998,08,4,0356,03,Dark street lights,No adverse conditions,Dry,Hit fixed object, , ,Mid-block,Not applicable, ,Urban,0,1,1,1,No,No,,,9999,9999,  , ,No, , , ,No Controls, , , , , , , , , ,1,0,0,0,0,0,1,0,0,0,0,1,1,0,0,0,0,0,0,1,0,0,0,1,0,0,0,0,0,0,0,0,0,0,0,4,0,,, ,No,No,Yes,No,No,No,No,No,No,No,No,Yes,Yes,No,No,Yes,No,Yes,No,Yes,No,No,No,No,No,No,No,No,Yes,No,No,No,No,No,No,No,No,No,No,No,No,Yes,Yes,Yes,No,No,No,No,No,No,No,No,No,No,No,No,No,No,No,No,No,No,Yes,No,No,No,Yes,No,No,No,No,No,Yes,No,No,No,No,No,Yes,No,No,No,Yes,No,No,No,No,No,Yes,
2005128461,02,Allegheny,02301,Pittsburgh City,11,District 11-0,02301,PITTSBURGH CITY,2005,05,5,1423,14,Daylight,No adverse conditions,Dry,Hit pedestrian, , ,T intersection,Traffic signal, ,Urban,0,1,2,2,No,No,,,1426,1425,  ,1, ,West, , ,Device Functioning properly, , , , , , , , , ,1,1,0,0,0,0,0,0,0,0,1,0,1,0,0,0,0,0,0,0,1,0,0,1,0,0,0,0,0,0,0,0,1,0,0,3,0,,, ,No,No,Yes,No,No,No,No,No,No,No,No,No,No,No,No,Yes,No,Yes,No,No,Yes,Yes,No,No,No,No,No,No,No,No,No,No,No,No,No,No,No,No,No,No,No,No,No,No,No,No,No,No,No,No,No,No,No,No,No,No,No,No,No,No,No,No,No,Yes,No,No,Yes,Yes,No,No,No,No,No,No,No,No,No,No,No,No,No,Yes,No,No,No,No,No,No,No,
2005410730,67,Philadelphia,67301,Philadelphia City,06,District 6-0,67301,PHILADELPHIA CITY,2005,09,7,0228,02,Dark street lights,No adverse conditions,Dry,Sideswipe (same dir.), , ,T intersection,Stop sign, ,Urban,0,1,1,2,No,No,,,0257,0253,  , ,No, , , ,Device Functioning properly, , , , , , , , , ,2,1,0,0,0,0,0,1,0,0,0,0,1,1,0,0,0,1,0,0,0,0,0,1,0,0,0,0,0,0,0,0,0,0,0,8,0,,, ,No,No,Yes,No,No,No,No,No,No,No,No,No,No,No,No,Yes,No,Yes,No,No,Yes,No,Yes,Yes,No,No,No,No,No,No,No,No,No,No,No,No,No,No,No,No,No,No,No,No,No,No,No,No,No,No,No,No,No,No,No,No,No,No,No,No,Yes,No,No,No,No,No,Yes,No,No,No,No,No,Yes,No,No,No,Yes,No,Yes,No,No,No,No,No,No,No,No,No,No,
1999151233,64,Westmoreland,64217,Unity Twp,12,District 12-0,68A01,PSP - Greensburg,1999,12,6,0215,02,Dark no street lights,No adverse conditions,Dry,Hit fixed object, , ,Mid-block,Not applicable, ,Rural,0,1,1,1,No,No,,,9999,9999,  , ,No, , , ,No Controls, , , , , , , , , ,1,1,0,0,0,0,0,0,0,0,0,1,1,0,0,0,0,0,0,0,0,0,0,1,0,0,0,0,0,0,0,0,0,0,0,4,0,,, ,No,No,Yes,No,No,No,No,No,No,No,No,Yes,Yes,No,No,Yes,No,Yes,No,Yes,No,No,No,No,No,No,No,No,No,No,No,No,No,No,No,No,No,No,No,No,No,Yes,Yes,No,No,No,No,No,No,No,Yes,Yes,No,No,No,No,No,No,No,No,No,No,No,No,No,No,Yes,No,No,Yes,No,No,Yes,No,No,No,No,No,Yes,No,No,No,Yes,No,No,No,No,No,Yes,
2008025645,40,Luzerne,40425,Sugar Notch Boro,04,District 4-0,68P01,PSP - Wyoming,2008,02,6,1415,14,Daylight,No adverse conditions,Dry,Hit fixed object, , ,Mid-block,Unknown, ,Urban,0,0,2,1,No,No,41 11:35.755,75 56:41.786,1500,1425,  ,1, ,North And South, , ,Unknown, , , , , , , , , ,1,1,0,0,0,0,0,0,0,0,0,0,0,0,0,0,0,0,1,0,0,0,0,1,0,0,0,0,0,0,0,0,0,0,0,0,0,41.1933,-75.9449, ,No,Yes,No,No,No,No,No,No,No,No,No,Yes,Yes,No,Yes,No,No,No,No,Yes,No,No,No,No,No,No,No,No,No,No,Yes,No,No,No,No,No,No,No,No,No,No,No,No,No,No,No,No,No,No,No,No,No,No,No,No,Yes,Yes,No,No,No,No,Yes,No,No,No,No,Yes,No,No,Yes,No,No,No,No,No,No,No,No,Yes,No,No,No,No,No,No,No,No,No,No,"(41.1933, -75.9449)"
2015134352,53,Schuylkill,53413,Mechanicsville Boro,05,District 5-0,68L07,PSP - Schuylkill Haven,2015,12,4,2300,23,Dark no street lights,No adverse conditions,Wet,Hit fixed object, , ,T intersection,Not applicable, ,Urbanized,0,0,1,1,No,No,40 41:30.348,76 11:09.764,0746,0718,  , ,No, , , ,No Controls, , , , , , , , , ,1,0,0,0,1,0,0,0,0,0,0,0,0,0,0,0,0,0,0,0,1,0,0,1,0,0,0,0,0,0,0,0,0,0,0,0,0,40.6918,-76.186, ,No,Yes,No,No,Yes,No,No,No,No,No,No,Yes,Yes,No,Yes,No,No,No,No,No,Yes,No,No,Yes,No,No,No,Yes,No,No,No,No,No,No,No,No,No,No,No,No,No,No,No,No,No,No,No,No,No,No,No,No,No,No,No,No,No,No,No,No,No,No,No,Yes,No,No,Yes,No,No,Yes,No,No,Yes,No,No,No,No,No,Yes,No,No,No,No,No,No,No,No,No,No,"(40.6918, -76.186)"
2017001727,36,Lancaster,36202,Brecknock Twp,08,District 8-0,68J01,PSP - Lancaster,2016,12,7,1143,11,Daylight,Rain,Wet,Hit fixed object, , ,Mid-block,Not applicable, ,Rural,0,1,1,1,No,No,40 10:50.960,76 02:16.560,1156,1143,  ,2, ,East and West, , ,No Controls, , , , , , , , , ,1,0,0,0,1,0,0,0,0,0,0,0,1,1,0,0,0,0,0,0,0,0,0,1,0,0,0,0,0,0,0,0,0,0,0,8,0,40.1808,-76.0379, ,No,No,Yes,No,Yes,No,No,No,No,No,No,Yes,Yes,No,No,Yes,No,Yes,No,Yes,No,No,No,No,No,No,No,No,Yes,No,No,No,No,No,Yes,No,No,No,No,No,No,No,No,No,No,No,No,No,No,No,No,Yes,No,No,No,Yes,Yes,No,No,No,No,No,No,No,No,No,Yes,No,No,Yes,No,No,No,No,No,No,No,No,Yes,No,No,No,No,No,No,No,No,No,No,"(40.1808, -76.0379)"
2005172106,15,Chester,15220,Kennett Twp,06,District 6-0,68J02,PSP - Avondale,2002,12,4,0215,02,Dark no street lights,No adverse conditions,Dry,Hit fixed object, , ,Mid-block,Not applicable, ,Rural,0,1,1,1, , ,39 48:11.000,75 43:03.489,0327,0320,  ,1,Yes,North, , ,No Controls, , , , , , , , , ,1,1,0,0,0,0,0,0,0,0,0,0,1,1,0,0,0,0,0,0,0,0,0,1,0,0,0,0,0,0,0,0,0,0,0,8,0,39.8031,-75.7176, ,No,Yes,No,No,No,No,No,No,No,No,No,Yes,Yes,No,No,Yes,No,Yes,No,Yes,No,No,No,No,No,No,No,No,No,No,Yes,No,No,No,Yes,No,No,No,No,No,No,No,No,No,No,No,No,No,No,No,No,Yes,Yes,No,No,No,No,No,No,No,No,No,No,No,No,No,Yes,No,No,Yes,No,No,Yes,No,No,No,No,No,Yes,No,No,No,No,No,No,No,No,No,No,"(39.8031, -75.7176)"
2011051890,15,Chester,15203,East Bradford Twp,06,District 6-0,15414,WEST CHESTER BORO,2011,05,3,1104,11,Daylight,No adverse conditions,Dry,Hit fixed object, , ,Mid-block,Not applicable, ,Rural,0,1,1,1,No,No,39 58:15.621,75 38:09.660,1105,1104,  ,3, ,North And South, , ,No Controls, , , , , , , , , ,1,0,0,0,0,0,1,0,0,0,1,0,1,0,0,0,0,0,0,0,0,0,0,1,0,0,0,0,0,0,0,0,0,0,0,3,0,39.971,-75.636, ,No,Yes,No,No,No,No,No,No,No,No,No,Yes,Yes,No,No,Yes,No,Yes,No,Yes,No,No,No,No,No,No,No,No,Yes,No,Yes,No,No,No,Yes,No,No,No,No,No,No,No,No,No,No,No,No,No,No,No,No,Yes,Yes,No,No,No,No,No,No,No,No,No,No,No,No,No,Yes,No,No,No,No,No,No,No,No,No,No,No,Yes,No,No,Yes,No,No,No,No,No,No,No,"(39.971, -75.636)"
1997071445,10,Butler,10227,Slippery Rock Twp,10,District 10-0,68D01,PSP - Butler,1997,08,1,0245,02,Dark no street lights,No adverse conditions,Dry,Hit fixed object, , ,Mid-block,Not applicable, ,Rural,0,1,1,1,No,No,41 02:21.840,80 01:49.440,9999,9999,  , ,No, , , ,No Controls, , , , , , , , , ,1,1,0,0,0,0,0,0,0,0,0,1,1,0,0,0,0,0,1,0,0,0,0,1,0,0,0,0,0,0,0,0,0,0,0,4,0,41.0394,-80.0304, ,No,Yes,No,No,No,No,No,No,No,No,No,Yes,Yes,No,No,Yes,No,Yes,No,Yes,No,No,No,No,No,No,No,No,No,No,No,No,No,No,Yes,No,No,No,No,No,No,Yes,Yes,Yes,No,No,No,No,No,No,No,Yes,No,No,No,No,No,No,No,No,No,Yes,No,No,No,No,Yes,No,No,Yes,No,No,Yes,No,No,No,No,No,Yes,No,No,No,Yes,No,No,No,No,No,Yes,"(41.0394, -80.0304)"
2004092095,02,Allegheny,02301,Pittsburgh City,11,District 11-0,02301,PITTSBURGH CITY,2004,04,6,2110,21,Dark unknown roadway lighting,No adverse conditions,Dry,Angle, , ,Mid-block,Not applicable, ,Urban,0,3,3,2, ,No,,,2125,2120,  , ,No, , , ,No Controls, , , , , , , , , ,2,2,0,0,0,0,0,0,0,0,0,0,3,3,0,0,0,0,0,0,1,0,0,1,0,0,0,0,0,0,0,0,0,0,0,8,0,,, ,No,No,Yes,No,No,No,No,No,No,No,No,No,No,No,No,Yes,No,Yes,No,Yes,No,No,No,No,No,No,No,No,No,No,No,No,No,No,No,No,No,No,No,No,No,No,No,No,No,No,No,No,No,No,No,No,No,No,Yes,Yes,Yes,No,No,No,No,No,No,Yes,No,No,Yes,No,No,No,No,No,Yes,No,No,No,No,No,Yes,No,No,No,No,No,No,No,No,No,No,
2009061060,42,Mckean,42209,Keating Twp,02,District 2-0,68C05,PSP - Kane,2009,06,5,1430,14,Daylight,No adverse conditions,Dry,Hit fixed object, , ,Mid-block,Not applicable, ,Rural,0,1,3,1,No,No,41 52:11.640,78 35:26.160,1451,1435,  , ,No, , , ,No Controls, , , , , , , , , ,1,1,0,0,0,0,0,0,0,0,0,0,1,1,0,0,0,0,0,0,0,0,0,2,0,0,0,0,0,0,0,0,0,0,0,8,0,41.8699,-78.5906, ,No,Yes,No,No,No,No,No,No,No,No,No,Yes,Yes,No,No,Yes,No,Yes,No,Yes,No,No,No,No,No,No,No,No,No,Yes,No,No,No,No,No,No,No,No,No,No,No,No,No,No,No,No,No,No,No,No,No,Yes,No,No,No,No,No,No,No,No,No,No,No,No,No,No,Yes,No,No,Yes,No,No,No,No,No,No,No,No,Yes,No,No,No,No,No,No,No,No,No,No,"(41.8699, -78.5906)"
2006207180,46,Montgomery,46208,Lower Providence Twp,06,District 6-0,46208,LOWER PROVIDENCE TWP,2006,10,2,1540,15,Daylight,No adverse conditions,Dry,Rear-end, , ,Mid-block,Not applicable, ,Urban,0,2,3,3,No,No,40 07:45.480,75 25:14.520,9999,9999,  , ,No, , , ,No Controls, , , , , , , , , ,3,1,0,0,1,0,1,0,0,0,2,0,2,0,0,0,0,0,0,0,1,0,0,1,0,0,0,0,0,0,0,0,0,0,0,3,0,40.1293,-75.4208, ,No,Yes,No,No,No,No,No,No,No,Yes,No,No,No,No,No,Yes,No,Yes,No,Yes,No,No,No,No,No,No,No,No,No,No,No,No,No,No,No,No,No,No,No,No,No,No,No,No,No,No,No,No,No,No,No,No,No,No,No,No,No,No,No,No,No,No,No,Yes,No,No,Yes,No,No,No,No,No,No,No,No,No,No,No,Yes,No,No,Yes,No,No,No,No,No,No,No,"(40.1293, -75.4208)"
1997080071,23,Delaware,23111,Upper Darby Twp,06,District 6-0,23111,UPPER DARBY TWP,1997,06,1,1630,16,Daylight,No adverse conditions,Dry,Angle, , ,T intersection,Stop sign, ,Urban,0,0,3,2,No,No,39 57:26.280,75 17:11.040,9999,9999,  , ,No, , , ,Device Functioning properly, , , , , , , , , ,2,2,0,0,0,0,0,0,0,0,0,0,0,0,0,0,0,0,0,0,1,0,0,2,0,0,0,0,0,0,0,0,0,0,0,0,0,39.9573,-75.2864, ,No,Yes,No,No,No,No,No,No,No,No,No,No,No,No,Yes,No,No,No,No,No,Yes,No,Yes,Yes,No,No,No,No,No,No,No,No,No,No,No,No,No,No,No,No,No,No,No,No,No,No,No,Yes,No,No,No,No,No,No,No,No,Yes,No,No,No,No,No,No,Yes,No,No,Yes,No,No,No,No,No,No,No,No,No,No,No,Yes,No,No,No,No,No,No,No,No,No,No,"(39.9573, -75.2864)"
2008091380,04,Beaver,04203,Chippewa Twp,11,District 11-0,04203,CHIPPEWA TWP,2008,08,6,2012,20,Dusk,No adverse conditions,Dry,Hit fixed object, , ,Mid-block,Not applicable, ,Rural,0,1,1,1,No,No,40 45:57.805,80 21:12.560,2015,2013,  ,1,Yes,West, , ,No Controls, , , , , , , , , ,1,1,0,0,0,0,0,0,0,0,1,0,1,0,0,0,0,0,0,0,0,0,1,1,0,0,0,0,0,0,0,0,0,0,0,3,0,40.7661,-80.3534, ,No,Yes,No,No,No,No,No,No,No,No,No,Yes,Yes,No,No,Yes,No,Yes,No,Yes,No,No,No,No,No,No,No,No,No,Yes,No,No,No,No,No,No,No,No,No,No,No,No,No,No,No,No,No,No,No,No,No,Yes,No,No,No,No,No,No,No,No,No,No,No,No,No,Yes,Yes,No,No,No,No,No,No,No,No,No,No,No,Yes,No,No,Yes,No,No,No,No,No,No,No,"(40.7661, -80.3534)"
2001002844,36,Lancaster,36207,Conoy Twp,08,District 8-0,36504,SUSQUEHANNA REGIONAL,2001,02,6,9999,99,Dark no street lights,No adverse conditions,Dry,Hit fixed object, , ,Mid-block,Not applicable, ,Rural,0,1,1,1,No,No,40 05:55.447,76 39:05.198,0815,0805,  , ,No, , , ,No Controls, , , , , , , , , ,1,1,0,0,0,0,0,0,0,0,0,1,1,0,0,0,0,0,0,0,0,0,0,1,0,0,0,0,0,0,0,0,0,0,0,4,0,40.0987,-76.6514, ,No,Yes,No,No,No,No,No,No,No,No,No,Yes,Yes,No,No,Yes,No,Yes,No,Yes,No,No,No,No,No,No,No,Yes,No,No,No,No,No,No,No,No,No,No,No,No,No,No,No,No,No,No,No,No,No,No,No,Yes,Yes,No,No,No,No,Yes,No,No,No,No,No,No,No,No,Yes,No,No,No,No,No,Yes,No,No,No,No,No,Yes,No,No,No,Yes,No,No,No,No,No,No,"(40.0987, -76.6514)"
2004015553,01,Adams,01407,Gettysburg Boro,08,District 8-0,01407,GETTYSBURG BORO,2003,05,6,1607,16,Daylight,Rain,Dry,Rear-end, , ,Mid-block,Not applicable, ,Urbanized,0,2,5,4,No,No,,,1610,1607,  , ,No, , , ,No Controls, , , , , , , , , ,4,3,0,0,1,0,0,0,0,0,1,1,2,0,0,0,0,0,0,0,1,0,1,1,0,0,0,0,0,0,0,0,0,0,0,3,0,,, ,No,No,Yes,No,No,No,No,No,No,Yes,No,No,No,No,No,Yes,No,Yes,No,Yes,No,No,No,No,No,No,No,No,No,No,No,No,No,No,No,No,No,No,No,No,No,No,No,No,No,No,No,No,No,No,No,No,No,No,No,No,No,No,No,No,No,No,No,Yes,No,Yes,Yes,No,No,No,No,No,No,No,No,No,No,No,Yes,No,No,Yes,Yes,No,No,No,No,No,No,
2004031223,67,Philadelphia,67301,Philadelphia City,06,District 6-0,67301,PHILADELPHIA CITY,2003,06,5,1217,12,Daylight,No adverse conditions,Dry,Angle, , ,Mid-block,Not applicable, ,Urban,0,1,1,2,No,No,,,1222,1218,  ,1,Yes,East, , ,No Controls, , , , , , , , , ,2,2,0,0,0,0,0,0,0,0,1,0,1,0,0,0,0,0,0,0,0,0,0,1,0,0,0,0,0,0,0,0,0,0,0,3,0,,, ,No,Yes,No,No,No,No,No,No,No,No,No,No,Yes,No,No,Yes,No,Yes,No,Yes,No,No,No,No,No,No,No,No,No,No,No,No,No,No,No,No,No,No,No,No,No,No,No,No,No,No,No,No,No,No,No,Yes,No,No,Yes,Yes,Yes,No,No,No,No,No,No,No,No,No,Yes,No,No,No,Yes,No,No,No,No,No,Yes,No,Yes,No,No,Yes,No,No,No,No,No,No,No,
2016104011,06,Berks,06214,Exeter Twp,05,District 5-0,06404,BIRDSBORO,2016,10,6,2152,21,Dark street lights,No adverse conditions,Dry,Angle, , ,Mid-block,Not applicable, ,Urban,0,0,4,2,No,No,40 17:25.897,75 49:32.115,2202,2152,  ,1,Yes,East, , ,No Controls, , , , , , , , , ,2,0,0,0,0,0,1,1,0,0,0,0,0,0,0,0,0,0,0,0,0,0,1,2,0,0,0,0,0,0,0,0,0,0,0,0,0,40.2905,-75.8256, ,No,Yes,No,No,No,No,No,No,No,No,No,No,Yes,No,Yes,No,No,No,No,Yes,No,No,No,No,No,No,No,No,No,No,No,No,No,No,No,No,No,No,No,No,No,No,No,No,No,No,No,No,No,No,No,No,No,No,No,No,No,No,No,No,No,No,No,No,No,Yes,Yes,No,No,No,No,No,Yes,No,No,No,No,No,Yes,No,No,No,No,No,No,No,No,No,No,"(40.2905, -75.8256)"
2001204838,02,Allegheny,02473,West Mifflin Boro,11,District 11-0,02473,WEST MIFFLIN,2001,01,4,0211,02,Dark no street lights,No adverse conditions,Dry,Hit fixed object, , ,Mid-block,Not applicable, ,Urban,0,1,1,1,No,No,40 19:21.360,79 53:56.760,9999,9999,  , ,No, , , ,No Controls, , , , , , , , , ,1,1,0,0,0,0,0,0,0,0,1,0,1,0,0,0,0,0,0,0,0,0,0,1,0,0,0,0,0,0,0,0,0,0,0,3,0,40.3226,-79.8991, ,No,Yes,No,No,No,No,No,No,No,No,No,Yes,Yes,No,No,Yes,No,Yes,No,Yes,No,No,No,No,No,No,No,No,No,No,No,No,Yes,No,No,No,No,No,No,No,No,Yes,Yes,No,No,No,No,No,No,No,No,No,No,No,No,No,No,No,No,No,No,No,No,No,No,No,Yes,No,No,No,No,No,Yes,No,No,No,No,No,Yes,No,No,Yes,No,No,No,No,No,No,Yes,"(40.3226, -79.8991)"
2011010953,66,York,66213,Hopewell Twp,08,District 8-0,68H07,PSP - York,2011,01,7,1131,11,Daylight,Snow,Dry,Hit fixed object, , ,Mid-block,Not applicable, ,Rural,0,0,1,1,No,No,39 45:39.980,76 36:14.340,1144,1132,  , ,No, , , ,No Controls, , , , , , , , , ,1,1,0,0,0,0,0,0,0,0,0,0,0,0,0,0,0,1,0,0,0,0,0,1,0,0,0,0,0,0,0,0,0,0,0,0,0,39.7611,-76.604, ,No,No,Yes,No,No,No,No,No,No,No,No,Yes,Yes,No,Yes,No,No,No,No,Yes,No,No,No,No,No,No,No,Yes,No,No,No,No,No,No,No,No,No,No,No,No,No,No,No,No,No,No,No,No,No,No,No,No,No,No,No,Yes,Yes,No,No,No,Yes,No,No,No,No,No,Yes,No,No,Yes,No,No,No,No,No,No,No,No,Yes,No,No,No,No,No,No,No,No,No,No,"(39.7611, -76.604)"
2011096351,67,Philadelphia,67301,Philadelphia City,06,District 6-0,67301,PHILADELPHIA CITY,2011,08,5,1915,19,Daylight,Rain,Wet,Sideswipe (Opposite dir.), , ,Mid-block,Not applicable, ,Urban,0,1,2,2,No,No,39 59:44.270,75 11:29.452,1920,1915,  ,1,Yes,South, , ,No Controls, , , , , , , , , ,2,2,0,0,0,0,0,0,0,0,0,1,1,0,0,0,0,0,0,0,1,0,0,2,0,0,0,0,0,0,0,0,0,0,0,4,0,39.9956,-75.1915, ,No,Yes,No,No,Yes,No,No,No,No,No,Yes,No,No,No,No,Yes,No,Yes,No,Yes,No,No,No,No,No,No,No,No,No,No,No,No,No,No,No,No,No,No,No,No,No,No,No,No,No,No,No,No,No,No,No,Yes,No,No,No,Yes,Yes,No,No,No,No,No,No,Yes,No,No,Yes,No,No,No,No,No,No,No,No,No,No,No,Yes,No,No,No,Yes,No,No,No,No,No,No,"(39.9956, -75.1915)"
2006039614,28,Franklin,28204,Guilford Twp,08,District 8-0,68H03,PSP - Chambersburg,2006,03,5,1540,15,Daylight,No adverse conditions,Wet,Angle, , ,Mid-block,Traffic signal, ,Rural,0,1,4,2,No,No,,,1555,1546,  , ,No, , , ,Device Functioning properly, , , , , , , , , ,2,1,0,0,1,0,0,0,0,0,0,1,1,0,0,0,0,0,0,0,0,0,0,1,0,0,0,0,0,0,0,0,0,0,0,4,0,,, ,No,Yes,No,No,Yes,No,No,No,No,No,No,No,No,No,No,Yes,No,Yes,No,Yes,No,No,No,No,No,No,No,No,No,No,No,No,No,No,No,No,No,No,No,No,No,No,No,No,No,No,No,Yes,Yes,No,No,No,No,No,No,No,Yes,No,No,No,No,No,No,No,No,No,Yes,No,No,Yes,Yes,No,No,No,No,No,No,No,No,No,No,No,Yes,No,No,No,No,No,No,