Crash Record Number,County Code,County Name,Municipality Code,Municipality Name,District Code,District Name,Police Agency Code,Police Agency Name,Crash Year,Crash Month,Day of Week,Time of Day,Hour of Day,Illumination,Weather,Road Condition,Collision Type,Work Zone Type,Work Zone Location,Intersection Type,Traffic Control Device,Location Type,Urban / Rural,Fatality Count,Injury Count,Person Count,Total Unit Count,School Bus Indicator,School Zone Indicator,Latitude,Longitude,Arrival Time,Dispatch Time,Construction Zone Speed Limit,Estimated Hours Closed,Lane Closed,Lane Closure Direction,Notify Highway Maintenance,Special Jurisdiction,Traffic Control Device Function,Traffic Detour,Workers Present,Work Zone Close/Detour,Work Zone Flagger,Work Zone Law Officer,Work Zone Closure,Work Zone Moving,Work Zone Other,Work Zone Shoulder/Median,Vehicle Count,Automobile Count,Motorcycle Count,Bus Count,Small Truck Count,Heavy Truck Count,SUV Count,Van Count,Bicycle Count,Suspected Serious Injury Count,Suspected Minor Injury Count,Possible Injury Count,Total Injury Count,Unknown Injury Degree Count,Unknown Injury Person Count,16 Year Old Driver Count,17 Year Old Driver Count,18 Year Old Driver Count,19 Year Old Driver Count,20 Year Old Driver Count,50-64 Year Old Driver Count,65-74 Year Old Driver Count,75 Plus Year Old Driver Count,Unbelted Occupant Count,Unbelted Death Count,Unbelted Suspected Serious Injury Count,Belted Death Count,Belted Suspected Serious Injury Count,Motorcycle Death Count,Motorcycle Suspected Serious Injury Count,Bicycle Death Count,Bicycle Suspected Serious Injury Count,Pedestrian Count,Pedestrian Death Count,Pedestrian Suspected Serious Injury Count,Maximum Severity Level,Commercial Vehicle Count,Latitude (Decimal),Longitude (Decimal),Roadway Surface Type,Interstate,State Road,Local Road Only,Turnpike,Wet Road,Snow Slush Road,Icy Road,Sudden Deer,Shoulder Related,Rear End,Head On / Opposite Direction Side Swipe,Hit Fixed Object,Single Vehicle Run Off Road,Work Zone,Property Damage Only,Injury or Fatal,Fatal or Suspected Serious Injury,Injury,Fatal,Non Intersection,Intersection,Signalized Intersection,Stop Controlled Intersection,Unsignalized Intersection,School Bus,School Zone,Hit Deer,Hit Tree / Shrub,Hit Embankment,Hit Pole,Hit Guide Rail,Hit Guide Rail End,Hit Barrier,Hit Bridge,Overturned,Motorcycle,Bicycle,Heavy Truck Related,Vehicle Failure,Train / Trolley,Phantom Vehicle,Alcohol Related,Drinking Driver,Underage Drinking Driver,Unlicensed,Distracted,Cell Phone,No Clearance,Running Red Light,Tailgating,Cross Median,Curved Road,Curve Driver Error,Limit 65 MPH,Speeding,Speeding Related,Aggressive Driving,Fatigue / Asleep,Driver 16 Years Old,Driver 17 Years Old,Driver 18 Years Old,Driver 19 Years Old,Driver 20 Years Old,Driver 50 - 64 Years Old,Driver 65 - 74 Years Old,Driver 75 Plus,Unbelted,Pedestrian,Commercial Vehicle,PSP Reported,NHTSA Aggressive Driving,Deer Related,Illumination Dark,Running Stop Sign,Train,Trolley,Hit Parked Vehicle,Fire In Vehicle,Vehicle Towed,Hazardous Truck,Suspected Serious Injury,Suspected Minor Injury,Possible Injury,Motorcycle Drinking Driver,Drug Related,Illegal Drug Related,School Bus Unit,Drugged Driver,Impaired Driver,Geographic Location of the Crash
2000038584,46,Montgomery,46224,Whitemarsh Twp,06,District 6-0,46224,WHITEMARSH TWP,2000,04,7,2058,20,Dark street lights,No adverse conditions,Wet,Hit fixed object, , ,Mid-block,Not applicable, ,Urban,0,2,2,1,No,No,40 04:36.120,75 16:23.160,9999,9999,  , ,No, , , ,No Controls, , , , , , , , , ,1,1,0,0,0,0,0,0,0,0,2,0,2,0,0,0,0,0,0,0,0,0,0,2,0,0,0,0,0,0,0,0,0,0,0,3,0,40.0767,-75.2731, ,No,Yes,No,No,Yes,No,No,No,No,No,No,Yes,Yes,No,No,Yes,No,Yes,No,Yes,No,No,No,No,No,No,No,Yes,No,No,No,No,No,No,No,No,No,No,No,No,No,Yes,Yes,No,No,No,No,No,No,No,No,Yes,No,No,Yes,Yes,Yes,No,No,No,No,No,No,No,No,No,Yes,No,No,No,No,No,Yes,No,No,No,No,No,Yes,No,No,Yes,No,No,No,No,No,No,Yes,"(40.0767, -75.2731)"
2003015081,41,Lycoming,41212,Franklin Twp,03,District 3-0,68F01,PSP - Montoursville,2002,05,4,0638,06,Daylight,No adverse conditions,Dry,Hit fixed object, , ,Mid-block,Not applicable, ,Rural,0,1,1,1,No,No,41 13:56.656,76 36:32.629,0709,0646,  , ,No, , , ,No Controls, , , , , , , , , ,1,1,0,0,0,0,0,0,0,0,0,1,1,0,0,0,0,0,0,0,0,0,0,1,0,0,0,0,0,0,0,0,0,0,0,4,0,41.2324,-76.6092, ,No,Yes,No,No,No,No,No,Yes,No,No,No,Yes,Yes,No,No,Yes,No,Yes,No,Yes,No,No,No,No,No,No,No,No,Yes,No,No,No,No,No,Yes,No,No,No,No,No,No,No,No,No,No,No,No,No,No,No,No,No,No,No,No,Yes,Yes,No,No,No,No,No,No,No,No,No,Yes,No,No,Yes,No,Yes,No,No,No,No,No,No,Yes,No,No,No,Yes,No,No,No,No,No,No,"(41.2324, -76.6092)"
1997122867,02,Allegheny,02116,Ross Twp,11,District 11-0,02116,ROSS TWP,1997,06,6,1251,12,Daylight,No adverse conditions,Dry,Rear-end, , ,T intersection,Not applicable, ,Urban,0,1,3,3,No,No,40 31:27.840,80 02:06.720,9999,9999,  , ,No, , , ,No Controls, , , , , , , , , ,3,3,0,0,0,0,0,0,0,0,0,1,1,0,0,0,0,0,0,0,1,1,0,1,0,0,0,0,0,0,0,0,0,0,0,4,0,40.5244,-80.0352, ,No,Yes,No,No,No,No,No,No,No,Yes,No,No,No,No,No,Yes,No,Yes,No,No,Yes,No,No,Yes,No,No,No,No,No,No,No,No,No,No,No,No,No,No,No,No,No,No,No,No,No,No,No,No,No,No,No,No,No,No,No,No,No,No,No,No,No,No,No,Yes,Yes,No,Yes,No,No,No,No,No,No,No,No,No,No,No,Yes,No,No,No,Yes,No,No,No,No,No,No,"(40.5244, -80.0352)"
2001206460,46,Montgomery,46201,Douglass Twp,06,District 6-0,46201,DOUGLASS TWP,2001,01,7,0525,05,Dark no street lights,No adverse conditions,Snow covered,Hit fixed object, , ,Mid-block,Not applicable, ,Rural,0,0,2,1,No,No,,,9999,9999,  , ,No, , , ,No Controls, , , , , , , , , ,1,0,0,0,1,0,0,0,0,0,0,0,0,0,0,0,0,0,0,0,0,0,0,1,0,0,0,0,0,0,0,0,0,0,0,0,0,,, ,No,No,Yes,No,No,Yes,No,No,No,No,No,Yes,Yes,No,Yes,No,No,No,No,Yes,No,No,No,No,No,No,No,No,No,Yes,No,No,No,No,No,No,No,No,No,No,No,No,No,No,No,No,No,No,No,No,Yes,No,No,No,No,No,No,No,No,No,No,No,No,No,No,No,Yes,No,No,No,No,No,Yes,No,No,No,No,No,Yes,No,No,No,No,No,No,No,No,No,No,
2005006350,10,Butler,10227,Slippery Rock Twp,10,District 10-0,68D01,PSP - Butler,2004,05,6,0525,05,Dark no street lights,Rain,Wet,Hit fixed object, , ,Mid-block,Not applicable, ,Rural,0,0,1,1,No,No,41 02:26.190,80 02:07.254,0548,0529,  ,2, ,East and West, , ,No Controls, , , , , , , , , ,1,0,0,0,1,0,0,0,0,0,0,0,0,0,0,0,0,0,0,0,0,0,0,1,0,0,0,0,0,0,0,0,0,0,0,0,0,41.0406,-80.0353, ,No,No,Yes,No,Yes,No,No,No,No,No,No,Yes,Yes,No,Yes,No,No,No,No,Yes,No,No,No,No,No,No,No,Yes,No,No,No,No,No,No,No,No,No,No,No,No,No,No,No,No,No,No,No,No,No,No,No,No,No,No,No,No,No,No,No,No,No,No,No,No,No,No,Yes,No,No,Yes,No,No,Yes,No,No,No,No,No,Yes,No,No,No,No,No,No,No,No,No,No,"(41.0406, -80.0353)"
2004091261,67,Philadelphia,67301,Philadelphia City,06,District 6-0,67301,PHILADELPHIA CITY,2002,04,3,0500,05,Dawn,No adverse conditions,Dry,Hit fixed object, , ,Mid-block,Not applicable, ,Urban,0,1,1,1,No,No,40 00:00.000,75 11:26.242,0527,0525,  , ,No, , , ,No Controls, , , , , , , , , ,1,1,0,0,0,0,0,0,0,0,1,0,1,0,0,0,0,0,0,0,0,0,0,1,0,0,0,0,0,0,0,0,0,0,0,3,0,40.0001,-75.1906, ,No,Yes,No,No,No,No,No,No,No,No,No,Yes,Yes,No,No,Yes,No,Yes,No,Yes,No,No,No,No,No,No,No,No,No,No,No,No,No,No,No,No,No,No,No,No,No,No,No,No,No,No,No,No,No,No,No,Yes,No,No,No,Yes,No,No,No,No,No,No,No,No,No,No,Yes,No,No,No,No,No,No,No,No,No,No,No,Yes,No,No,Yes,No,No,No,No,No,No,No,"(40.0001, -75.1906)"
1997000666,06,Berks,06301,Reading City,05,District 5-0,06301,READING CITY,1997,01,5,1926,19,Dark street lights,No adverse conditions,Dry,Angle, , ,Four way intersection,Stop sign, ,Urban,0,0,3,3,No,No,,,9999,9999,  , ,No, , , ,Device Functioning properly, , , , , , , , , ,3,2,0,0,0,0,0,0,0,0,0,0,0,0,0,0,0,0,0,0,0,0,0,1,0,0,0,0,0,0,0,0,0,0,0,0,0,,, ,No,No,Yes,No,No,No,No,No,No,No,No,No,No,No,Yes,No,No,No,No,No,Yes,No,Yes,Yes,No,No,No,No,No,No,No,No,No,No,No,No,No,No,No,No,No,No,No,No,No,No,No,Yes,No,No,No,No,No,No,No,No,Yes,No,No,No,No,No,No,No,No,No,Yes,No,No,No,No,No,Yes,No,No,No,Yes,No,Yes,No,No,No,No,No,No,No,No,No,No,
1999065148,66,York,66231,West Manchester Twp,08,District 8-0,66231,WEST MANCHESTER TWP,1999,06,1,1400,14,Daylight,No adverse conditions,Dry,Rear-end, , ,T intersection,Stop sign, ,Rural,0,6,7,2,No,No,39 57:57.960,76 46:28.560,9999,9999,  , ,No, , , ,Device Functioning properly, , , , , , , , , ,2,1,0,0,1,0,0,0,0,0,0,1,1,0,5,0,0,0,0,0,0,0,1,5,0,0,0,0,0,0,0,0,0,0,0,4,0,39.9661,-76.7746, ,No,Yes,No,No,No,No,No,No,No,Yes,No,No,No,No,No,Yes,No,Yes,No,No,Yes,No,Yes,Yes,No,No,No,No,No,No,No,No,No,No,No,No,No,No,No,No,No,No,No,No,No,Yes,No,No,No,Yes,No,No,No,No,No,No,Yes,No,No,No,No,No,No,No,No,Yes,Yes,No,No,No,No,No,No,No,No,No,No,No,Yes,No,No,No,Yes,No,No,No,No,No,No,"(39.9661, -76.7746)"
2005063293,36,Lancaster,36227,Penn Twp,08,District 8-0,36227, ,2005,02,6,1145,11,Daylight,No adverse conditions,Slush,Hit fixed object, , ,Mid-block,Not applicable, ,Rural,0,2,2,1,No,No,40 10:54.156,76 23:16.641,1201,1153,  , ,No, , , ,No Controls, , , , , , , , , ,1,1,0,0,0,0,0,0,0,0,0,1,2,1,0,0,0,0,0,0,0,0,0,2,0,0,0,0,0,0,0,0,0,0,0,4,0,40.1817,-76.388, ,No,No,Yes,No,No,Yes,No,No,No,No,No,Yes,Yes,No,No,Yes,No,Yes,No,Yes,No,No,No,No,No,No,No,No,Yes,Yes,No,No,No,No,No,No,No,No,No,No,No,No,No,No,No,No,No,No,No,No,No,No,No,No,No,Yes,Yes,No,No,No,No,No,No,No,No,No,Yes,No,No,No,No,No,No,No,No,No,No,No,Yes,No,No,No,Yes,No,No,No,No,No,No,"(40.1817, -76.388)"
2000091278,55,Somerset,55206,Elk Lick Twp,09,District 9-0,68A06,PSP - Somerset,2000,07,1,0930,09,Daylight,No adverse conditions,Dry,Angle, , ,Four way intersection,Stop sign, ,Rural,0,8,8,2,No,No,39 46:00.840,79 04:03.000,9999,9999,  , ,No, , , ,Device Functioning properly, , , , , , , , , ,2,2,0,0,0,0,0,0,0,0,2,6,8,0,0,0,0,0,0,0,1,0,0,2,0,0,0,0,0,0,0,0,0,0,0,3,0,39.7669,-79.0675, ,No,Yes,No,No,No,No,No,No,No,No,No,No,No,No,No,Yes,No,Yes,No,No,Yes,No,Yes,Yes,No,No,No,No,No,No,No,No,No,No,No,No,No,No,No,No,No,No,No,No,No,No,No,Yes,No,No,No,No,No,No,No,No,Yes,No,No,No,No,No,No,Yes,No,No,Yes,No,No,Yes,No,No,No,No,No,No,No,No,Yes,No,No,Yes,Yes,No,No,No,No,No,No,"(39.7669, -79.0675)"
2008067092,02,Allegheny,02301,Pittsburgh City,11,District 11-0,02301,PITTSBURGH CITY,2008,05,7,1836,18,Daylight,No adverse conditions,Dry,Angle, , ,Mid-block,Not applicable, ,Urban,0,2,3,2, , ,40 24:26.048,80 01:36.384,1836,1836,  , ,No, , , ,No Controls, , , , , , , , , ,2,1,0,0,0,0,1,0,0,0,0,0,2,2,0,0,0,0,0,1,0,0,0,1,0,0,0,0,0,0,0,0,0,0,0,8,0,40.4072,-80.0268, ,No,No,Yes,No,No,No,No,No,No,No,No,No,No,No,No,Yes,No,Yes,No,Yes,No,No,No,No,No,No,No,No,No,No,No,No,No,No,No,No,No,No,No,No,No,No,No,No,No,No,No,No,No,No,Yes,No,No,No,No,No,No,No,No,No,No,No,Yes,No,No,No,Yes,No,No,No,No,No,No,No,No,No,No,No,No,No,No,No,No,No,No,No,No,No,No,"(40.4072, -80.0268)"
1998059628,25,Erie,25302,Erie City,01,District 1-0,25302,ERIE CITY,1998,07,3,0800,08,Daylight,Rain,Wet,Angle, , ,Four way intersection,Stop sign, ,Urban,0,2,2,3,No,No,,,9999,9999,  , ,No, , , ,Device Functioning properly, , , , , , , , , ,3,1,0,0,0,0,0,1,0,0,0,0,0,0,2,0,0,0,0,1,1,0,0,2,0,0,0,0,0,0,0,0,0,0,0,9,0,,, ,No,No,Yes,No,Yes,No,No,No,No,No,No,No,No,No,No,No,No,No,No,No,Yes,No,Yes,Yes,No,No,No,No,No,No,No,No,No,No,No,No,No,No,No,No,No,No,No,No,No,No,No,No,No,No,No,No,No,No,No,No,Yes,No,No,No,No,No,Yes,Yes,No,No,Yes,No,No,No,No,No,No,Yes,No,No,Yes,No,Yes,No,No,No,No,No,No,No,No,No,No,
2015122508,64,Westmoreland,64215,Sewickley Twp,12,District 12-0,68A01,PSP - Greensburg,2015,11,1,0230,02,Dark no street lights,No adverse conditions,Dry,Hit fixed object, , ,Mid-block,Not applicable, ,Rural,0,3,3,1,No,No,40 15:32.210,79 45:05.190,0919,0852,  , ,No, , , ,No Controls, , , , , , , , , ,1,0,0,0,0,0,1,0,0,0,0,3,3,0,0,0,0,1,0,0,0,0,0,1,0,0,0,0,0,0,0,0,0,0,0,4,0,40.2589,-79.7514, ,No,No,Yes,No,No,No,No,No,No,No,No,Yes,Yes,No,No,Yes,No,Yes,No,Yes,No,No,No,No,No,No,No,No,No,No,No,No,No,Yes,No,No,No,No,No,No,No,No,No,No,No,Yes,No,No,No,No,No,No,No,No,Yes,Yes,Yes,No,No,No,Yes,No,No,No,No,No,Yes,No,No,Yes,No,No,Yes,No,No,No,No,No,Yes,No,No,No,Yes,No,No,No,No,No,No,"(40.2589, -79.7514)"
2003024773,67,Philadelphia,67301,Philadelphia City,06,District 6-0,67301,PHILADELPHIA CITY,2002,06,3,2345,23,Dark street lights,No adverse conditions,Dry,Sideswipe (same dir.), , ,Other,Not applicable, ,Urban,0,1,2,2,No,No,39 56:29.760,75 11:40.200,2350,2344,  ,1, ,East, , ,No Controls, , , , , , , , , ,2,2,0,0,0,0,0,0,0,0,0,1,1,0,0,0,0,0,0,0,0,0,0,1,0,0,0,0,0,0,0,0,0,0,0,4,0,39.9409,-75.1952, ,Yes,Yes,No,No,No,No,No,No,No,No,No,No,No,No,No,Yes,No,Yes,No,No,Yes,No,No,Yes,No,No,No,No,No,No,No,No,No,No,No,No,No,No,No,No,No,No,No,No,No,No,No,No,No,Yes,No,No,No,No,Yes,Yes,Yes,No,No,No,No,No,No,No,No,No,Yes,No,No,No,Yes,No,Yes,No,No,No,No,No,Yes,No,No,No,Yes,No,No,No,No,No,No,"(39.9409, -75.1952)"
2004053516,22,Dauphin,22409,Middletown Boro,08,District 8-0,22409,MIDDLETOWN BORO,2003,05,4,0930,09,Daylight,Rain and fog,Wet,Hit fixed object, , ,Mid-block,Not applicable, ,Urban,0,1,1,1,No,No,40 12:16.279,76 43:19.963,0930,0930,  , ,No, , , ,No Controls, , , , , , , , , ,1,1,0,0,0,0,0,0,0,0,0,1,1,0,0,0,0,0,0,0,0,0,0,1,0,0,0,0,0,0,0,0,0,0,0,4,0,40.2045,-76.7222, ,No,No,Yes,No,Yes,No,No,No,No,No,No,Yes,Yes,No,No,Yes,No,Yes,No,Yes,No,No,No,No,No,No,No,No,No,Yes,No,No,No,No,No,No,No,No,No,No,No,No,No,No,No,Yes,No,No,No,No,No,No,No,No,No,No,No,No,No,No,No,No,No,No,No,No,Yes,No,No,No,No,No,No,No,No,No,No,No,Yes,No,No,No,Yes,No,No,No,No,No,No,"(40.2045, -76.7222)"
1998089560,66,York,66103,Penn Twp,08,District 8-0,66103,PENN TWP,1998,09,6,2317,23,Dark street lights,No adverse conditions,Dry,Angle, , ,Mid-block,Not applicable, ,Urbanized,0,2,2,2,No,No,39 48:32.040,76 56:47.760,9999,9999,  , ,No, , , ,No Controls, , , , , , , , , ,2,2,0,0,0,0,0,0,0,0,0,2,2,0,0,0,0,0,0,0,0,0,0,1,0,0,0,0,0,0,0,0,0,0,0,4,0,39.8089,-76.9466, ,No,Yes,No,No,No,No,No,No,No,No,No,No,No,No,No,Yes,No,Yes,No,Yes,No,No,No,No,No,No,No,No,No,No,No,No,No,No,No,No,No,No,No,No,No,No,No,No,No,No,No,No,No,No,No,No,No,No,No,No,Yes,No,No,No,No,No,No,No,No,No,Yes,No,No,No,No,No,Yes,No,No,No,No,No,Yes,No,No,No,Yes,No,No,No,No,No,No,"(39.8089, -76.9466)"
2003036282,55,Somerset,55215,Milford Twp,09,District 9-0,68A06,PSP - Somerset,2002,06,1,2312,23,Dark no street lights,Fog,Dry,Hit fixed object, , ,Mid-block,Not applicable, ,Rural,0,1,1,1,No,No,39 54:44.000,79 10:01.258,0030,2328,  , ,No, , , ,No Controls, , , , , , , , , ,1,1,0,0,0,0,0,0,0,0,0,1,1,0,0,0,0,0,0,0,1,0,0,1,0,0,0,0,0,0,0,0,0,0,0,4,0,39.9123,-79.167, ,No,Yes,No,No,No,No,No,No,No,No,No,Yes,Yes,No,No,Yes,No,Yes,No,Yes,No,No,No,No,No,No,No,Yes,No,No,No,No,No,No,No,No,No,No,No,No,No,Yes,Yes,No,No,No,No,No,No,No,No,No,No,No,No,Yes,Yes,No,No,No,No,No,No,Yes,No,No,Yes,No,No,Yes,No,No,Yes,No,No,No,No,No,Yes,No,No,No,Yes,No,No,No,No,No,Yes,"(39.9123, -79.167)"
2011001652,58,Tioga,58225,Shippen Twp,03,District 3-0,68F05,PSP - Mansfield,2011,01,1,0800,08,Daylight,No adverse conditions,Ice,Other or Unknown, , ,Mid-block,Not applicable, ,Rural,0,0,2,1,No,No,41 45:21.876,77 25:00.161,0841,0802,  , ,No, , , ,No Controls, , , , , , , , , ,1,0,0,0,1,0,0,0,0,0,0,0,0,0,0,0,0,0,0,0,1,0,0,1,0,0,0,0,0,0,0,0,0,0,0,0,0,41.7561,-77.4167, ,No,Yes,No,No,No,No,Yes,Yes,No,No,No,No,No,No,Yes,No,No,No,No,Yes,No,No,No,No,No,No,Yes,No,No,No,No,No,No,No,No,No,No,No,No,No,No,No,No,No,No,No,No,No,No,No,No,No,No,No,No,No,No,No,No,No,No,No,No,Yes,No,No,Yes,No,No,Yes,No,Yes,No,No,No,No,No,No,Yes,No,No,No,No,No,No,No,No,No,No,"(41.7561, -77.4167)"
2005420265,02,Allegheny,02453,Pitcairn Boro,11,District 11-0,02453,PITCAIRN BORO,2005,12,3,2305,23,Dark street lights,No adverse conditions,Wet,Hit fixed object, , ,Mid-block,Not applicable, ,Urban,0,1,1,1,No,No,40 24:07.200,79 46:29.280,2306,2305,  , ,No, , , ,No Controls, , , , , , , , , ,1,1,0,0,0,0,0,0,0,0,1,0,1,0,0,0,0,0,0,0,0,0,0,1,0,0,0,0,0,0,0,0,0,0,0,3,0,40.402,-79.7748, ,No,Yes,No,No,Yes,No,No,No,No,No,No,Yes,Yes,No,No,Yes,No,Yes,No,Yes,No,No,No,No,No,No,No,No,No,Yes,No,No,No,No,No,No,No,No,No,No,No,No,No,No,No,Yes,No,No,No,No,No,No,No,No,No,No,No,No,No,No,No,No,No,No,No,No,Yes,No,No,No,No,No,Yes,No,No,No,No,No,Yes,No,No,Yes,No,No,No,No,No,No,No,"(40.402, -79.7748)"
2010017745,27,Forest,27206,Jenks Twp,01,District 1-0,68C07,PSP - Tionesta,2010,01,3,0842,08,Daylight,Snow,Ice Patches,Rear-end, , ,Mid-block,Not applicable, ,Rural,0,1,3,3,No,No,41 28:48.359,79 06:32.059,0914,0844,  , ,No, , , ,No Controls, , , , , , , , , ,3,0,0,0,0,1,2,0,0,0,1,0,1,0,0,0,0,0,0,0,0,1,0,1,0,0,0,0,0,0,0,0,0,0,0,3,1,41.4803,-79.1086, ,No,Yes,No,No,No,No,Yes,No,No,Yes,No,No,No,No,No,Yes,No,Yes,No,Yes,No,No,No,No,No,No,No,No,No,No,No,No,No,No,No,No,No,Yes,No,No,No,No,No,No,No,No,No,No,No,No,No,No,No,No,No,Yes,Yes,Yes,No,No,No,No,No,No,Yes,No,Yes,No,Yes,Yes,No,No,No,No,No,No,No,No,Yes,No,No,Yes,No,No,Yes,Yes,No,Yes,Yes,"(41.4803, -79.1086)"
2005417321,66,York,66101,Spring Garden Twp,08,District 8-0,66101,SPRING GARDEN TWP,2005,11,1,2336,23,Dark no street lights,No adverse conditions,Dry,Angle, , ,T intersection,Stop sign, ,Rural,0,0,2,2,No,No,39 55:40.000,76 43:27.159,2339,2336,  , ,No, , , ,Device Functioning properly, , , , , , , , , ,2,2,0,0,0,0,0,0,0,0,0,0,0,0,0,1,0,0,0,1,0,0,0,1,0,0,0,0,0,0,0,0,0,0,0,0,0,39.928,-76.7242, ,No,Yes,No,No,No,No,No,No,No,No,No,No,No,No,Yes,No,No,No,No,No,Yes,No,Yes,Yes,No,No,No,No,No,No,No,No,No,No,No,No,No,No,No,No,No,Yes,Yes,Yes,No,No,No,No,No,No,No,No,No,No,No,No,Yes,No,Yes,No,No,No,Yes,No,No,No,Yes,No,No,No,No,No,Yes,No,No,No,No,No,Yes,No,No,No,No,No,No,No,No,No,Yes,"(39.928, -76.7242)"
2005091181,46,Montgomery,46211,Montgomery Twp,06,District 6-0,46211,MONTGOMERY TWP,2005,02,4,0654,06,Daylight,No adverse conditions,Dry,Angle, , ,Mid-block,Not applicable, ,Rural,0,1,2,2,No,No,40 14:21.668,75 13:51.980,0656,0654,  ,2,Yes,East, , ,No Controls, , , , , , , , , ,2,2,0,0,0,0,0,0,0,0,1,0,1,0,0,0,0,0,0,0,0,0,0,1,0,0,0,0,0,0,0,0,0,0,0,3,0,40.2393,-75.2312, ,No,Yes,No,No,No,No,No,No,No,No,No,No,No,No,No,Yes,No,Yes,No,Yes,No,No,No,No,No,No,No,No,No,No,No,No,No,No,No,No,No,No,No,No,No,No,No,No,No,No,No,No,No,No,No,No,No,No,No,No,Yes,No,No,No,No,No,No,No,No,No,Yes,No,No,No,No,No,No,No,No,No,No,No,Yes,No,No,Yes,No,No,No,No,No,No,No,"(40.2393, -75.2312)"
2002024900,02,Allegheny,02214,North Fayette Twp,11,District 11-0,68B03,PSP - Pittsburgh (Orig. Finlay),2001,11,6,1700,17,Dark no street lights,Rain,Wet,Rear-end, , ,Mid-block,Not applicable, ,Urban,0,3,5,2,No,No,40 26:32.280,80 10:59.520,1720,1705,  , ,No, , , ,No Controls, , , , , , , , , ,2,2,0,0,0,0,0,0,0,0,0,3,3,0,0,0,0,0,0,0,1,0,0,2,0,0,0,0,0,0,0,0,0,0,0,4,0,40.4422,-80.1831, ,No,Yes,No,No,Yes,No,No,No,No,Yes,No,No,No,No,No,Yes,No,Yes,No,Yes,No,No,No,No,No,No,No,No,No,No,No,No,No,No,No,No,No,No,No,No,No,No,No,No,No,No,No,No,No,No,No,No,No,No,No,Yes,Yes,No,No,No,No,No,No,Yes,No,No,Yes,No,No,Yes,No,No,Yes,No,No,No,No,No,No,No,No,No,Yes,No,No,No,No,No,No,"(40.4422, -80.1831)"
2017100207,51,Pike,51202,Delaware Twp,04,District 4-0,68R04,PSP - Blooming Grove,2017,09,7,2324,23,Dark – no street lights,No adverse conditions,Dry,Hit fixed object, , ,“T” intersection,Not applicable,Not applicable,Rural,0,1,1,1,N,N,41 11:56.925,74 56:22.754,001,2330,  , ,0, , , ,0, , , , , , , , , ,1,0,0,0,0,0,0,1,0,0,1,0,1,0,0,0,0,0,0,0,1,0,0,1,0,0,0,0,0,0,0,0,0,0,0,3,0,41.199100000000001,-74.939700000000002,  ,No,No,Yes,No,No,No,No,No,No,No,No,Yes,Yes,No,No,Yes,No,Yes,No,No,Yes,No,No,Yes,No,No,No,Yes,No,No,No,No,No,No,Yes,No,No,No,No,No,No,No,No,No,No,No,No,No,No,No,No,Yes,No,No,Yes,Yes,Yes,No,No,No,No,No,No,Yes,No,No,Yes,No,No,Yes,No,No,Yes,No,No,No,No,No,Yes,No,No,Yes,No,No,No,No,No,No,No,"(41.1991, -74.9397)"
2001004836,25,Erie,25302,Erie City,01,District 1-0,25302,ERIE CITY,2001,04,7,0703,07,Daylight,Rain,Wet,Hit fixed object, , ,Mid-block,Not applicable, ,Urban,0,1,1,1,No,No,42 06:20.010,80 07:47.203,0706,0704,  ,1,Yes,West, , ,No Controls, , , , , , , , , ,1,1,0,0,0,0,0,0,0,1,0,0,1,0,0,0,0,0,0,0,0,0,0,1,0,1,0,0,0,0,0,0,0,0,0,2,0,42.1056,-80.1299, ,No,Yes,No,No,Yes,No,No,No,No,No,No,Yes,Yes,No,No,Yes,Yes,Yes,No,Yes,No,No,No,No,No,No,No,No,No,Yes,No,No,No,No,No,No,No,No,No,No,No,No,No,No,No,No,No,No,No,No,No,No,No,No,No,No,Yes,No,No,No,No,No,No,No,No,No,Yes,No,No,No,No,No,No,Yes,No,No,No,No,Yes,No,Yes,No,No,No,No,No,No,No,No,"(42.1056, -80.1299)"
2017067934,67,Philadelphia,67301,Philadelphia City,06,District 6-0,67301,PHILADELPHIA CITY,2017,06,5,1405,14,Daylight,No adverse conditions,Dry,Angle, , ,Four way intersection,Stop sign,Not applicable,Urban,0,1,2,5,N,N,39 59:47.554,75 09:00.521,1410,1405,  ,2,2,3,N, ,3,N, , , , , , , , ,5,2,0,0,2,0,0,1,0,0,0,1,1,0,0,0,0,0,0,1,1,0,0,1,0,0,0,0,0,0,0,0,0,0,0,4,0,39.996499999999997,-75.150099999999995,  ,No,No,Yes,No,No,No,No,No,No,No,No,No,No,No,No,Yes,No,Yes,No,No,Yes,No,Yes,Yes,No,No,No,No,No,No,No,No,No,No,No,No,No,No,No,No,No,No,No,No,No,No,No,Yes,No,No,No,No,No,No,No,No,Yes,No,No,No,No,No,Yes,Yes,No,No,Yes,No,No,No,No,No,No,No,No,No,Yes,No,Yes,No,No,No,Yes,No,No,No,No,No,No,"(39.9965, -75.1501)"
2000084260,25,Erie,25206,Franklin Twp,01,District 1-0,68E04,PSP - Girard,2000,05,4,0705,07,Daylight,Rain,Wet,Angle, , ,Four way intersection,Stop sign, ,Rural,0,1,2,2,No,No,41 56:07.080,80 13:30.360,9999,9999,  , ,No, , , ,Device Functioning properly, , , , , , , , , ,2,1,0,0,1,0,0,0,0,0,0,0,0,0,1,0,0,0,0,0,0,0,1,1,0,0,0,0,0,0,0,0,0,0,0,9,0,41.9353,-80.2251, ,No,Yes,No,No,Yes,No,No,No,No,No,No,No,No,No,No,No,No,No,No,No,Yes,No,Yes,Yes,No,No,No,No,No,No,No,No,No,No,No,No,No,No,No,No,No,No,No,No,No,No,No,Yes,No,No,No,No,No,No,No,No,Yes,No,No,No,No,No,No,No,No,Yes,Yes,No,No,Yes,No,No,No,No,No,No,No,No,Yes,No,No,No,No,No,No,No,No,No,No,"(41.9353, -80.2251)"