Crash Record Number,County Code,County Name,Municipality Code,Municipality Name,District Code,District Name,Police Agency Code,Police Agency Name,Crash Year,Crash Month,Day of Week,Time of Day,Hour of Day,Illumination,Weather,Road Condition,Collision Type,Work Zone Type,Work Zone Location,Intersection Type,Traffic Control Device,Location Type,Urban / Rural,Fatality Count,Injury Count,Person Count,Total Unit Count,School Bus Indicator,School Zone Indicator,Latitude,Longitude,Arrival Time,Dispatch Time,Construction Zone Speed Limit,Estimated Hours Closed,Lane Closed,Lane Closure Direction,Notify Highway Maintenance,Special Jurisdiction,Traffic Control Device Function,Traffic Detour,Workers Present,Work Zone Close/Detour,Work Zone Flagger,Work Zone Law Officer,Work Zone Closure,Work Zone Moving,Work Zone Other,Work Zone Shoulder/Median,Vehicle Count,Automobile Count,Motorcycle Count,Bus Count,Small Truck Count,Heavy Truck Count,SUV Count,Van Count,Bicycle Count,Suspected Serious Injury Count,Suspected Minor Injury Count,Possible Injury Count,Total Injury Count,Unknown Injury Degree Count,Unknown Injury Person Count,16 Year Old Driver Count,17 Year Old Driver Count,18 Year Old Driver Count,19 Year Old Driver Count,20 Year Old Driver Count,50-64 Year Old Driver Count,65-74 Year Old Driver Count,75 Plus Year Old Driver Count,Unbelted Occupant Count,Unbelted Death Count,Unbelted Suspected Serious Injury Count,Belted Death Count,Belted Suspected Serious Injury Count,Motorcycle Death Count,Motorcycle Suspected Serious Injury Count,Bicycle Death Count,Bicycle Suspected Serious Injury Count,Pedestrian Count,Pedestrian Death Count,Pedestrian Suspected Serious Injury Count,Maximum Severity Level,Commercial Vehicle Count,Latitude (Decimal),Longitude (Decimal),Roadway Surface Type,Interstate,State Road,Local Road Only,Turnpike,Wet Road,Snow Slush Road,Icy Road,Sudden Deer,Shoulder Related,Rear End,Head On / Opposite Direction Side Swipe,Hit Fixed Object,Single Vehicle Run Off Road,Work Zone,Property Damage Only,Injury or Fatal,Fatal or Suspected Serious Injury,Injury,Fatal,Non Intersection,Intersection,Signalized Intersection,Stop Controlled Intersection,Unsignalized Intersection,School Bus,School Zone,Hit Deer,Hit Tree / Shrub,Hit Embankment,Hit Pole,Hit Guide Rail,Hit Guide Rail End,Hit Barrier,Hit Bridge,Overturned,Motorcycle,Bicycle,Heavy Truck Related,Vehicle Failure,Train / Trolley,Phantom Vehicle,Alcohol Related,Drinking Driver,Underage Drinking Driver,Unlicensed,Distracted,Cell Phone,No Clearance,Running Red Light,Tailgating,Cross Median,Curved Road,Curve Driver Error,Limit 65 MPH,Speeding,Speeding Related,Aggressive Driving,Fatigue / Asleep,Driver 16 Years Old,Driver 17 Years Old,Driver 18 Years Old,Driver 19 Years Old,Driver 20 Years Old,Driver 50 - 64 Years Old,Driver 65 - 74 Years Old,Driver 75 Plus,Unbelted,Pedestrian,Commercial Vehicle,PSP Reported,NHTSA Aggressive Driving,Deer Related,Illumination Dark,Running Stop Sign,Train,Trolley,Hit Parked Vehicle,Fire In Vehicle,Vehicle Towed,Hazardous Truck,Suspected Serious Injury,Suspected Minor Injury,Possible Injury,Motorcycle Drinking Driver,Drug Related,Illegal Drug Related,School Bus Unit,Drugged Driver,Impaired Driver,Geographic Location of the Crash
2005150664,36,Lancaster,36214,East Hempfield Twp,08,District 8-0,36214,EAST HEMPFIELD TWP,2005,05,3,1140,11,Daylight,No adverse conditions,Dry,Non collision, , ,Four way intersection,Not applicable, ,Urban,0,1,1,1,No,No,,,1145,1140,  ,3, ,East and West, , ,No Controls, , , , , , , , , ,1,0,0,0,0,1,0,0,0,0,1,0,1,0,0,0,0,0,0,0,0,0,0,1,0,0,0,0,0,0,0,0,0,0,0,3,1,,, ,No,No,Yes,No,No,No,No,No,No,No,No,No,Yes,No,No,Yes,No,Yes,No,No,Yes,No,No,Yes,No,No,No,No,No,No,No,No,No,No,Yes,No,No,Yes,No,No,No,No,No,No,No,No,No,No,No,No,No,Yes,No,No,No,Yes,Yes,No,No,No,No,No,No,No,No,No,Yes,No,Yes,No,Yes,No,No,No,No,No,No,No,Yes,No,No,Yes,No,No,No,No,No,No,No,
2012106023,36,Lancaster,36213,East Earl Twp,08,District 8-0,36213,EAST EARL TWP,2012,10,3,0129,01,Dark no street lights,No adverse conditions,Dry,Hit fixed object, , ,Mid-block,Not applicable, ,Rural,0,0,1,1,No,No,40 09:43.116,76 00:50.885,0136,0129,  ,3, ,North And South, , ,No Controls, , , , , , , , , ,1,0,0,0,0,0,1,0,0,0,0,0,0,0,1,0,0,0,0,0,0,0,0,1,0,0,0,0,0,0,0,0,0,0,0,9,0,40.162,-76.0141, ,No,Yes,No,No,No,No,No,No,No,No,No,Yes,Yes,No,Yes,No,No,No,No,Yes,No,No,No,No,No,No,No,No,No,Yes,No,No,No,No,No,No,No,No,No,No,No,No,No,No,No,No,No,No,No,No,No,Yes,No,No,No,No,No,Yes,No,No,No,No,No,No,No,No,Yes,No,No,No,No,No,Yes,No,No,No,No,No,Yes,No,No,No,No,No,No,No,No,No,No,"(40.162, -76.0141)"
2010103326,46,Montgomery,46416,Pottstown Boro,06,District 6-0,46416,POTTSTOWN BORO,2010,10,7,1604,16,Daylight,No adverse conditions,Dry,Rear-end, , ,Mid-block,Not applicable, ,Urbanized,0,4,5,3,No,No,40 15:26.542,75 40:12.633,1607,1604,  ,3, ,North And South, , ,No Controls, , , , , , , , , ,2,0,0,0,1,0,0,1,0,1,0,3,4,0,0,0,0,0,0,0,0,0,0,1,0,1,0,0,0,0,0,0,1,0,0,2,0,40.2574,-75.6702, ,No,No,Yes,No,No,No,No,No,No,Yes,No,No,No,No,No,Yes,Yes,Yes,No,Yes,No,No,No,No,No,No,No,No,No,No,No,No,No,No,No,No,No,No,No,No,No,No,No,No,No,Yes,No,No,No,No,No,No,No,No,No,No,No,No,No,No,No,No,No,No,No,No,Yes,Yes,No,No,No,No,No,No,No,No,No,No,Yes,No,Yes,No,Yes,No,No,No,No,No,No,"(40.2574, -75.6702)"
2000056289,15,Chester,15223,Londonderry Twp,06,District 6-0,68J02,PSP - Avondale,2000,04,1,0530,05,Dark no street lights,Snow,Snow covered,Hit fixed object, , ,Mid-block,Not applicable, ,Rural,0,1,2,1,No,No,,,9999,9999,  , ,No, , , ,No Controls, , , , , , , , , ,1,1,0,0,0,0,0,0,0,0,0,1,1,0,0,0,0,0,0,0,0,0,0,2,0,0,0,0,0,0,0,0,0,0,0,4,0,,, ,No,No,Yes,No,No,Yes,No,No,No,No,No,Yes,Yes,No,No,Yes,No,Yes,No,Yes,No,No,No,No,No,No,No,No,No,Yes,No,No,No,No,No,No,No,No,No,No,No,No,No,No,No,No,No,No,No,No,No,Yes,No,No,No,No,No,No,No,No,No,No,No,No,No,No,Yes,No,No,Yes,No,No,Yes,No,No,No,No,No,Yes,No,No,No,Yes,No,No,No,No,No,No,
1998062819,40,Luzerne,40405,Dallas Boro,04,District 4-0,40405,DALLAS BORO,1998,01,7,2135,21,Dark no street lights,No adverse conditions,Dry,Hit fixed object, , ,Mid-block,Not applicable, ,Urban,0,1,1,1,No,No,,,9999,9999,  , ,No, , , ,No Controls, , , , , , , , , ,1,0,0,0,1,0,0,0,0,1,0,0,1,0,0,0,0,0,0,0,0,0,0,1,0,1,0,0,0,0,0,0,0,0,0,2,0,,, ,No,No,Yes,No,No,No,No,No,No,No,No,Yes,Yes,No,No,Yes,Yes,Yes,No,Yes,No,No,No,No,No,No,No,Yes,No,No,No,No,No,No,No,No,No,No,No,No,No,No,No,No,No,No,No,No,No,No,No,Yes,Yes,No,No,No,No,No,No,No,No,No,No,No,No,No,Yes,No,No,No,No,No,Yes,No,No,No,No,No,Yes,No,Yes,No,No,No,No,No,No,No,No,
2000109117,48,Northampton,48101,Bethlehem Twp,05,District 5-0,68M01,PSP - Bethlehem,2000,09,6,0700,07,Daylight,Rain,Wet,Hit fixed object, , ,Mid-block,Not applicable, ,Urban,0,1,1,1,No,No,40 40:42.600,75 20:35.520,9999,9999,  , ,No, , , ,No Controls, , , , , , , , , ,1,1,0,0,0,0,0,0,0,0,1,0,1,0,0,0,0,0,0,0,0,0,0,1,0,0,0,0,0,0,0,0,0,0,0,3,0,40.6784,-75.3433, ,No,Yes,No,No,Yes,No,No,No,No,No,No,Yes,Yes,No,No,Yes,No,Yes,No,Yes,No,No,No,No,No,No,No,No,Yes,No,No,No,Yes,No,Yes,No,No,No,No,No,No,No,No,No,No,No,No,No,No,No,No,No,No,No,No,No,No,No,No,No,No,No,No,No,No,No,Yes,No,No,Yes,No,No,No,No,No,No,No,No,Yes,No,No,Yes,No,No,No,No,No,No,No,"(40.6784, -75.3433)"
1998043154,46,Montgomery,46416,Pottstown Boro,06,District 6-0,46416,POTTSTOWN BORO,1998,04,5,1715,17,Daylight,No adverse conditions,Dry,Hit fixed object, , ,Mid-block,Not applicable, ,Urbanized,0,1,1,1,No,No,40 15:30.600,75 39:25.200,9999,9999,  , ,No, , , ,No Controls, , , , , , , , , ,1,1,0,0,0,0,0,0,0,0,1,0,1,0,0,0,0,0,0,1,0,0,0,1,0,0,0,0,0,0,0,0,0,0,0,3,0,40.2585,-75.657, ,No,Yes,No,No,No,No,No,No,No,No,No,Yes,Yes,No,No,Yes,No,Yes,No,Yes,No,No,No,No,No,No,No,No,No,Yes,No,No,No,No,No,No,No,No,No,No,No,No,No,No,No,No,No,No,No,No,No,No,No,No,No,No,No,Yes,No,No,No,No,Yes,No,No,No,Yes,No,No,No,No,No,No,No,No,No,No,No,Yes,No,No,Yes,No,No,No,No,No,No,No,"(40.2585, -75.657)"
2008013736,46,Montgomery,46220,Upper Merion Twp,06,District 6-0,46220,UPPER MERION TWP,2007,12,1,1316,13,Daylight,No adverse conditions,Dry,Non collision, , ,Mid-block,Not applicable, ,Urban,0,3,3,1,No,No,40 03:55.581,75 23:40.738,1320,1316,  ,2, ,East and West, , ,No Controls, , , , , , , , , ,1,1,0,0,0,0,0,0,0,1,0,0,3,2,0,0,0,0,1,0,0,0,0,3,0,1,0,0,0,0,0,0,0,0,0,2,0,40.0654,-75.3946, ,No,No,Yes,No,No,No,No,No,No,No,No,No,Yes,No,No,Yes,Yes,Yes,No,Yes,No,No,No,No,No,No,No,Yes,No,No,No,No,No,No,Yes,No,No,No,No,No,No,No,No,No,No,No,No,No,No,No,No,Yes,No,No,No,Yes,Yes,No,No,No,No,Yes,No,No,No,No,Yes,No,No,No,No,No,No,No,No,No,No,No,Yes,No,Yes,No,No,No,No,No,No,No,No,"(40.0654, -75.3946)"
1998110734,40,Luzerne,40301,Hazleton City,04,District 4-0,40301,HAZLETON CITY,1998,10,6,0905,09,Daylight,No adverse conditions,Dry,Other or Unknown, , ,Mid-block,Not applicable, ,Urbanized,0,0,3,3,No,No,40 57:18.720,75 58:40.440,9999,9999,  , ,No, , , ,No Controls, , , , , , , , , ,3,1,0,1,0,0,0,0,0,0,0,0,0,0,0,0,0,0,0,0,0,0,0,1,0,0,0,0,0,0,0,0,0,0,0,0,1,40.9552,-75.978, ,No,Yes,No,No,No,No,No,No,No,No,No,No,Yes,No,Yes,No,No,No,No,Yes,No,No,No,No,No,No,No,No,No,No,No,No,No,No,No,No,No,No,No,No,No,No,No,No,No,No,No,No,No,No,No,No,No,No,No,No,No,No,No,No,No,No,No,No,No,No,Yes,No,Yes,No,No,No,No,No,No,No,Yes,No,Yes,No,No,No,No,No,No,No,No,No,No,"(40.9552, -75.978)"
2000038621,02,Allegheny,02473,West Mifflin Boro,11,District 11-0,02473,WEST MIFFLIN,2000,04,4,1328,13,Daylight,No adverse conditions,Dry,Angle, , ,T intersection,Traffic signal, ,Urban,0,1,2,2,No,No,40 21:11.160,79 55:01.920,9999,9999,  , ,No, , , ,Device Functioning properly, , , , , , , , , ,2,2,0,0,0,0,0,0,0,0,0,1,1,0,0,0,0,0,0,1,0,0,0,1,0,0,0,0,0,0,0,0,0,0,0,4,0,40.353,-79.9172, ,No,Yes,No,No,No,No,No,No,No,No,No,No,No,No,No,Yes,No,Yes,No,No,Yes,Yes,No,No,No,No,No,No,No,No,No,No,No,No,No,No,No,No,No,No,No,No,No,No,No,No,No,No,No,No,No,No,No,No,No,No,Yes,No,No,No,No,No,Yes,No,No,No,Yes,No,No,No,No,No,No,No,No,No,No,No,Yes,No,No,No,Yes,No,No,No,No,No,No,"(40.353, -79.9172)"
2005076924,17,Clearfield,17405,Coalport Boro,02,District 2-0,68C04,PSP - DuBois,2004,11,7,0220,02,Dark street lights,No adverse conditions,Wet,Head-on, , ,Mid-block,Not applicable, ,Rural,0,1,2,2,No,No,,,0223,0223,  , ,No, , , ,No Controls, , , , , , , , , ,2,2,0,0,0,0,0,0,0,0,0,1,1,0,0,0,0,0,0,0,0,0,0,1,0,0,0,0,0,0,0,0,0,0,0,4,0,,, ,No,Yes,No,No,Yes,No,No,No,No,No,Yes,No,No,No,No,Yes,No,Yes,No,Yes,No,No,No,No,No,No,No,No,No,No,No,No,No,No,No,No,No,No,No,No,No,Yes,Yes,No,No,No,No,No,No,No,No,Yes,No,No,No,No,No,No,No,No,No,No,No,No,No,No,Yes,No,No,Yes,No,No,Yes,No,No,No,No,No,Yes,No,No,No,Yes,No,No,No,No,No,Yes,
1999087509,66,York,66413,Hanover Boro,08,District 8-0,66413,HANOVER BORO,1999,08,6,0525,05,Dark street lights,No adverse conditions,Dry,Other or Unknown, , ,Mid-block,Not applicable, ,Urbanized,0,0,2,2,No,No,39 47:41.280,76 58:37.560,9999,9999,  , ,No, , , ,No Controls, , , , , , , , , ,2,0,0,0,0,0,1,0,0,0,0,0,0,0,0,0,0,1,0,0,0,0,0,1,0,0,0,0,0,0,0,0,0,0,0,0,0,39.7948,-76.9771, ,No,Yes,No,No,No,No,No,No,No,No,No,No,No,No,Yes,No,No,No,No,Yes,No,No,No,No,No,No,No,Yes,No,No,No,No,No,No,Yes,No,No,No,No,No,No,No,No,No,No,No,No,No,No,No,No,No,No,No,No,No,No,Yes,No,No,Yes,No,No,No,No,No,Yes,No,No,No,No,No,Yes,No,No,No,Yes,No,Yes,No,No,No,No,No,No,No,No,No,No,"(39.7948, -76.9771)"
1998045190,53,Schuylkill,53301,Pottsville City,05,District 5-0,53301,POTTSVILLE CITY,1998,05,7,2019,20,Dark street lights,Rain,Wet,Rear-end, , ,Mid-block,Not applicable, ,Urbanized,0,1,5,2,No,No,,,9999,9999,  , ,No, , , ,No Controls, , , , , , , , , ,2,1,0,0,1,0,0,0,0,0,0,1,1,0,0,0,1,0,0,0,0,0,0,2,0,0,0,0,0,0,0,0,0,0,0,4,0,,, ,No,No,Yes,No,Yes,No,No,No,No,Yes,No,No,No,No,No,Yes,No,Yes,No,Yes,No,No,No,No,No,No,No,No,No,No,No,No,No,No,No,No,No,No,No,No,No,No,No,No,No,No,No,No,No,Yes,No,No,No,No,No,No,Yes,No,No,Yes,No,No,No,No,No,No,Yes,No,No,No,No,No,Yes,No,No,No,No,No,No,No,No,No,Yes,No,No,No,No,No,No,
2003063713,15,Chester,15220,Kennett Twp,06,District 6-0,68J02,PSP - Avondale,2002,09,2,0001,00,Dark no street lights,No adverse conditions,Dry,Hit fixed object, , ,Mid-block,Not applicable, ,Rural,0,1,3,1,No,No,39 48:48.449,75 43:09.527,0634,0621,  , ,No, , , ,No Controls, , , , , , , , , ,1,1,0,0,0,0,0,0,0,0,0,1,1,0,0,0,0,0,0,0,0,0,0,1,0,0,0,0,0,0,0,0,0,0,0,4,0,39.8135,-75.7193, ,No,No,Yes,No,No,No,No,No,No,No,No,Yes,Yes,No,No,Yes,No,Yes,No,Yes,No,No,No,No,No,No,No,No,No,No,No,No,No,No,Yes,No,No,No,No,No,No,Yes,Yes,No,Yes,No,No,No,No,No,No,Yes,Yes,No,No,Yes,Yes,No,No,No,No,No,No,No,No,No,Yes,No,No,Yes,No,No,Yes,No,No,No,No,No,Yes,No,No,No,Yes,No,No,No,No,No,Yes,"(39.8135, -75.7193)"
2016063071,35,Lackawanna,35215,North Abington Twp,04,District 4-0,35201,WAVERLY TWP,2016,06,4,2355,23,Dark no street lights,No adverse conditions,Wet,Hit fixed object, , ,T intersection,Not applicable, ,Rural,0,2,3,1,No,No,41 33:07.050,75 41:52.749,0010,2357,  ,1,Yes,South, , ,No Controls, , , , , , , , , ,1,0,0,0,0,0,1,0,0,0,1,1,2,0,0,0,0,1,0,0,0,0,0,1,0,0,0,0,0,0,0,0,0,0,0,3,0,41.552,-75.698, ,No,Yes,No,No,Yes,No,No,No,No,No,No,Yes,Yes,No,No,Yes,No,Yes,No,No,Yes,No,No,Yes,No,No,No,No,No,No,Yes,No,No,No,No,No,No,No,No,No,No,No,No,No,No,No,No,No,No,No,No,Yes,Yes,No,Yes,Yes,Yes,No,No,No,Yes,No,No,No,No,No,Yes,No,No,No,Yes,No,Yes,No,No,No,No,No,Yes,No,No,Yes,Yes,No,No,No,No,No,No,"(41.552, -75.698)"
2006004808,36,Lancaster,36404,Columbia Boro,08,District 8-0,36404,COLUMBIA BORO,2005,12,4,0001,00,Dark street lights,No adverse conditions,Dry,Angle, , ,Four way intersection,Traffic signal, ,Urban,0,6,6,2,No,No,40 02:12.875,76 30:29.634,0003,0003,  ,3, ,North And South, , ,Device Functioning properly, , , , , , , , , ,2,1,0,0,0,0,0,1,0,2,2,2,6,0,0,0,0,1,0,0,0,0,0,2,0,1,0,0,0,0,0,0,0,0,0,2,0,40.0369,-76.5083, ,No,Yes,No,No,No,No,No,No,No,No,No,No,No,No,No,Yes,Yes,Yes,No,No,Yes,Yes,No,No,No,No,No,No,No,No,No,No,No,No,No,No,No,No,No,No,No,Yes,Yes,No,No,No,No,No,Yes,No,Yes,No,No,No,No,No,Yes,No,No,No,Yes,No,No,No,No,No,Yes,No,No,No,No,No,Yes,No,No,No,No,No,Yes,No,Yes,Yes,Yes,No,No,No,No,No,Yes,"(40.0369, -76.5083)"
2001282461,53,Schuylkill,53224,Reilly Twp,05,District 5-0,68L07,PSP - Schuylkill Haven,2001,07,3,1745,17,Daylight,No adverse conditions,Dry,Hit fixed object, , ,Mid-block,Not applicable, ,Rural,0,1,1,1,No,No,40 40:09.840,76 19:11.280,9999,9999,  , ,No, , , ,No Controls, , , , , , , , , ,1,0,0,0,0,1,0,0,0,1,0,0,1,0,0,0,0,0,0,0,0,0,0,1,0,1,0,0,0,0,0,0,0,0,0,2,1,40.6694,-76.3198, ,No,Yes,No,No,No,No,No,No,No,No,No,Yes,Yes,No,No,Yes,Yes,Yes,No,Yes,No,No,No,No,No,No,No,Yes,No,Yes,No,No,No,No,No,No,No,Yes,No,No,No,Yes,Yes,No,No,No,No,No,No,No,No,No,No,No,No,No,No,No,No,No,No,No,No,No,No,No,Yes,No,Yes,Yes,No,No,No,No,No,No,No,No,Yes,No,Yes,No,No,No,No,No,No,No,Yes,"(40.6694, -76.3198)"
2004214408,45,Monroe,45214,Stroud Twp,05,District 5-0,45503,STROUD AREA REGIONAL,2004,10,3,2050,20,Dark no street lights,Rain,Wet,Rear-end, , ,T intersection,Unknown, ,Rural,0,1,3,3,No,No,41 00:57.960,75 13:33.240,9999,9999,  , ,No, , , ,Unknown, , , , , , , , , ,3,2,0,0,1,0,0,0,0,0,0,0,0,0,1,0,0,0,0,1,0,0,0,3,0,0,0,0,0,0,0,0,0,0,0,9,0,41.0162,-75.226, ,No,Yes,No,No,Yes,No,No,No,No,Yes,No,No,No,No,No,No,No,No,No,No,Yes,No,No,Yes,No,No,No,No,No,No,No,No,No,No,No,No,No,No,No,No,No,No,No,No,No,No,No,No,No,No,No,No,No,No,No,No,No,No,No,No,No,No,Yes,No,No,No,Yes,No,No,No,No,No,Yes,No,No,No,No,No,Yes,No,No,No,No,No,No,No,No,No,No,"(41.0162, -75.226)"
2009057440,01,Adams,01216,Mount Pleasant Twp,08,District 8-0,68H06,PSP - Gettysburg,2009,05,4,0954,09,Daylight,No adverse conditions,Dry,Rear-end,Construction,Other,Mid-block,Police officer or flagman, ,Rural,0,0,2,2,No,No,39 51:41.006,77 05:34.729,0954,0954,55, ,No, , , ,Device Functioning properly, ,Y,N,Y,N,Y,Y,N,N,2,1,0,0,0,0,1,0,0,0,0,0,0,0,0,0,0,0,0,0,0,0,0,1,0,0,0,0,0,0,0,0,0,0,0,0,0,39.8614,-77.093, ,No,Yes,No,No,No,No,No,No,No,Yes,No,No,No,Yes,Yes,No,No,No,No,Yes,No,No,No,No,No,No,No,No,No,No,No,No,No,No,No,No,No,No,No,No,No,No,No,No,No,No,No,No,No,No,No,No,No,No,No,Yes,Yes,No,No,No,No,No,No,No,No,No,Yes,No,No,Yes,No,No,No,No,No,No,No,No,Yes,No,No,No,No,No,No,No,No,No,No,"(39.8614, -77.093)"
2008101647,46,Montgomery,46104,Lower Merion Twp,06,District 6-0,46104,LOWER MERION TWP,2008,09,7,1303,13,Daylight,Rain,Wet,Head-on, , ,Mid-block,Not applicable, ,Urban,0,1,2,2,No,No,40 01:18.185,75 13:54.551,1303,1303,  , ,No, , , ,No Controls, , , , , , , , , ,2,2,0,0,0,0,0,0,0,0,0,0,1,1,0,0,0,0,0,0,1,0,0,1,0,0,0,0,0,0,0,0,0,0,0,8,0,40.0217,-75.2318, ,No,Yes,No,No,Yes,No,No,No,No,No,Yes,No,No,No,No,Yes,No,Yes,No,Yes,No,No,No,No,No,No,No,No,No,No,No,No,No,No,No,No,No,No,No,No,No,No,No,No,No,No,No,No,No,No,No,Yes,No,No,No,Yes,Yes,No,No,No,No,No,No,Yes,No,No,Yes,No,No,No,No,No,No,No,No,No,No,No,Yes,No,No,No,No,No,No,No,No,No,No,"(40.0217, -75.2318)"
2006054864,39,Lehigh,39211,Upper Saucon Twp,05,District 5-0,39211,UPPER SAUCON TWP,2006,06,7,0254,02,Dark no street lights,Rain and fog,Wet,Hit fixed object, , ,Mid-block,Not applicable, ,Rural,0,1,1,1,No,No,,,0307,1030,  , ,No, , , ,No Controls, , , , , , , , , ,1,0,0,0,1,0,0,0,0,0,0,1,1,0,0,0,0,0,0,0,0,0,0,1,0,0,0,0,0,0,0,0,0,0,0,4,0,,, ,No,No,Yes,No,Yes,No,No,No,No,No,No,Yes,Yes,No,No,Yes,No,Yes,No,Yes,No,No,No,No,No,No,No,Yes,No,No,No,No,No,No,No,No,No,No,No,No,No,Yes,Yes,No,No,No,No,No,No,No,No,Yes,No,No,No,Yes,Yes,No,No,No,No,No,No,No,No,No,Yes,No,No,No,No,No,Yes,No,No,No,No,No,Yes,No,No,No,Yes,No,Yes,No,No,Yes,Yes,
2016001885,15,Chester,15214,East Whiteland Twp,06,District 6-0,15214,EAST WHITELAND TWP,2016,01,4,0625,06,Dark no street lights,No adverse conditions,Dry,Hit fixed object, , ,Mid-block,Not applicable, ,Urban,0,0,1,1,No,No,40 04:17.478,75 32:08.685,0633,0628,  ,2, ,North, , ,No Controls, , , , , , , , , ,1,1,0,0,0,0,0,0,0,0,0,0,0,0,0,0,0,0,0,0,0,0,0,1,0,0,0,0,0,0,0,0,0,0,0,0,0,40.0715,-75.5357, ,No,Yes,No,No,No,No,No,Yes,No,No,No,Yes,Yes,No,Yes,No,No,No,No,Yes,No,No,No,No,No,No,No,No,No,No,No,Yes,No,No,No,No,No,No,No,No,No,No,No,No,No,No,No,No,No,No,No,No,No,No,No,Yes,No,No,No,No,No,No,No,No,No,No,Yes,No,No,No,No,Yes,Yes,No,No,No,No,No,Yes,No,No,No,No,No,No,No,No,No,No,"(40.0715, -75.5357)"
2007012830,20,Crawford,20301,Meadville City,01,District 1-0,20301,MEADVILLE CITY,2007,02,7,0238,02,Dark street lights,Snow,Snow covered,Hit fixed object, , ,Four way intersection,Not applicable, ,Urbanized,0,0,1,1,No,No,41 38:00.240,80 08:57.480,0242,0238,  ,2, ,"All (N,S,E,W)", , ,No Controls, , , , , , , , , ,1,1,0,0,0,0,0,0,0,0,0,0,0,0,0,0,0,0,0,0,0,0,0,1,0,0,0,0,0,0,0,0,0,0,0,0,0,41.6334,-80.1494, ,No,Yes,No,No,No,Yes,No,No,No,No,No,Yes,Yes,No,Yes,No,No,No,No,No,Yes,No,No,Yes,No,No,No,No,No,Yes,No,No,No,No,No,No,No,No,No,No,No,Yes,Yes,No,No,No,No,No,No,No,No,No,No,No,No,No,No,No,No,No,No,No,No,No,No,No,Yes,No,No,No,No,No,Yes,No,No,No,No,No,Yes,No,No,No,No,No,No,No,No,No,Yes,"(41.6334, -80.1494)"
2002240830,66,York,66208,Fairview Twp,08,District 8-0,66208,FAIRVIEW TWP,2002,12,1,2001,20,Dark no street lights,No adverse conditions,Dry,Non collision, , ,Mid-block,Not applicable, ,Rural,0,1,2,1,No,No,,,9999,9999,  , ,No, , , ,No Controls, , , , , , , , , ,1,1,0,0,0,0,0,0,0,0,0,1,1,0,0,0,1,0,0,0,0,0,0,1,0,0,0,0,0,0,0,0,0,0,0,4,0,,, ,No,No,Yes,No,No,No,No,No,No,No,No,No,Yes,No,No,Yes,No,Yes,No,Yes,No,No,No,No,No,No,No,No,No,No,No,No,No,No,Yes,No,No,No,No,No,No,No,No,No,No,No,No,No,No,No,No,Yes,Yes,No,No,No,No,No,No,Yes,No,No,No,No,No,No,Yes,No,No,No,No,No,Yes,No,No,No,No,No,Yes,No,No,No,Yes,No,No,No,No,No,No,
2009108133,20,Crawford,20235,Woodcock Twp,01,District 1-0,68E05,PSP - Meadville,2009,10,1,1515,15,Daylight,No adverse conditions,Sand/mud/dirt/oil/or gravel,Hit fixed object, , ,Mid-block,Not applicable, ,Rural,0,1,1,1,No,No,41 43:19.550,80 04:15.260,1547,1521,  ,3,Yes,South, , ,No Controls, , , , , , , , , ,1,1,0,0,0,0,0,0,0,0,0,1,1,0,0,0,0,0,0,0,0,0,0,1,0,0,0,0,0,0,0,0,0,0,0,4,0,41.7221,-80.0709, ,No,No,Yes,No,No,No,No,No,No,No,No,Yes,Yes,No,No,Yes,No,Yes,No,Yes,No,No,No,No,No,No,No,Yes,Yes,No,No,No,No,No,Yes,No,No,No,No,No,No,Yes,Yes,No,No,No,No,No,No,No,No,Yes,No,No,No,Yes,Yes,No,No,No,No,No,No,No,No,No,Yes,No,No,Yes,No,No,No,No,No,No,No,No,Yes,No,No,No,Yes,No,No,No,No,No,Yes,"(41.7221, -80.0709)"
2005114751,10,Butler,10228,Summit Twp,10,District 10-0,68D01,PSP - Butler,2002,04,4,1530,15,Daylight,No adverse conditions,Dry,Rear-end, , ,Four way intersection,Traffic signal, ,Rural,0,1,3,2,No,No,40 51:59.696,79 49:44.976,1551,1537,  ,1,Yes,West, , ,Device Functioning properly, , , , , , , , , ,2,2,0,0,0,0,0,0,0,0,0,1,1,0,0,0,0,0,0,0,2,0,0,2,0,0,0,0,0,0,0,0,0,0,0,4,0,40.8664,-79.8291, ,No,Yes,No,No,No,No,No,No,No,Yes,No,No,No,No,No,Yes,No,Yes,No,No,Yes,Yes,No,No,No,No,No,No,No,No,No,No,No,No,No,No,No,No,No,No,No,No,No,No,No,No,No,No,No,No,No,No,No,No,No,No,No,No,No,No,No,No,No,Yes,No,No,Yes,No,No,Yes,No,No,No,No,No,No,No,No,Yes,No,No,No,Yes,No,No,No,No,No,No,"(40.8664, -79.8291)"
2005140402,23,Delaware,23301,Chester City,06,District 6-0,23301,CHESTER CITY,2005,05,2,2150,21,Dark street lights,No adverse conditions,Dry,Angle, , ,Four way intersection,Stop sign, ,Urban,0,2,4,3,No,No,39 51:30.100,75 21:41.974,2150,2150,  ,1,Yes,North And South, , ,Device Functioning properly, , , , , , , , , ,3,3,0,0,0,0,0,0,0,0,0,2,2,0,0,0,0,0,0,0,1,0,0,4,0,0,0,0,0,0,0,0,0,0,0,4,0,39.8583,-75.3616, ,No,Yes,No,No,No,No,No,No,No,No,No,No,No,No,No,Yes,No,Yes,No,No,Yes,No,Yes,Yes,No,No,No,No,No,No,No,No,No,No,No,No,No,No,No,No,No,No,No,No,No,Yes,No,No,No,No,No,No,No,No,No,No,No,No,No,No,No,No,No,Yes,No,No,Yes,No,No,No,No,No,Yes,No,No,No,No,No,Yes,No,No,No,Yes,No,No,No,No,No,No,"(39.8583, -75.3616)"