Crash Record Number,County Code,County Name,Municipality Code,Municipality Name,District Code,District Name,Police Agency Code,Police Agency Name,Crash Year,Crash Month,Day of Week,Time of Day,Hour of Day,Illumination,Weather,Road Condition,Collision Type,Work Zone Type,Work Zone Location,Intersection Type,Traffic Control Device,Location Type,Urban / Rural,Fatality Count,Injury Count,Person Count,Total Unit Count,School Bus Indicator,School Zone Indicator,Latitude,Longitude,Arrival Time,Dispatch Time,Construction Zone Speed Limit,Estimated Hours Closed,Lane Closed,Lane Closure Direction,Notify Highway Maintenance,Special Jurisdiction,Traffic Control Device Function,Traffic Detour,Workers Present,Work Zone Close/Detour,Work Zone Flagger,Work Zone Law Officer,Work Zone Closure,Work Zone Moving,Work Zone Other,Work Zone Shoulder/Median,Vehicle Count,Automobile Count,Motorcycle Count,Bus Count,Small Truck Count,Heavy Truck Count,SUV Count,Van Count,Bicycle Count,Suspected Serious Injury Count,Suspected Minor Injury Count,Possible Injury Count,Total Injury Count,Unknown Injury Degree Count,Unknown Injury Person Count,16 Year Old Driver Count,17 Year Old Driver Count,18 Year Old Driver Count,19 Year Old Driver Count,20 Year Old Driver Count,50-64 Year Old Driver Count,65-74 Year Old Driver Count,75 Plus Year Old Driver Count,Unbelted Occupant Count,Unbelted Death Count,Unbelted Suspected Serious Injury Count,Belted Death Count,Belted Suspected Serious Injury Count,Motorcycle Death Count,Motorcycle Suspected Serious Injury Count,Bicycle Death Count,Bicycle Suspected Serious Injury Count,Pedestrian Count,Pedestrian Death Count,Pedestrian Suspected Serious Injury Count,Maximum Severity Level,Commercial Vehicle Count,Latitude (Decimal),Longitude (Decimal),Roadway Surface Type,Interstate,State Road,Local Road Only,Turnpike,Wet Road,Snow Slush Road,Icy Road,Sudden Deer,Shoulder Related,Rear End,Head On / Opposite Direction Side Swipe,Hit Fixed Object,Single Vehicle Run Off Road,Work Zone,Property Damage Only,Injury or Fatal,Fatal or Suspected Serious Injury,Injury,Fatal,Non Intersection,Intersection,Signalized Intersection,Stop Controlled Intersection,Unsignalized Intersection,School Bus,School Zone,Hit Deer,Hit Tree / Shrub,Hit Embankment,Hit Pole,Hit Guide Rail,Hit Guide Rail End,Hit Barrier,Hit Bridge,Overturned,Motorcycle,Bicycle,Heavy Truck Related,Vehicle Failure,Train / Trolley,Phantom Vehicle,Alcohol Related,Drinking Driver,Underage Drinking Driver,Unlicensed,Distracted,Cell Phone,No Clearance,Running Red Light,Tailgating,Cross Median,Curved Road,Curve Driver Error,Limit 65 MPH,Speeding,Speeding Related,Aggressive Driving,Fatigue / Asleep,Driver 16 Years Old,Driver 17 Years Old,Driver 18 Years Old,Driver 19 Years Old,Driver 20 Years Old,Driver 50 - 64 Years Old,Driver 65 - 74 Years Old,Driver 75 Plus,Unbelted,Pedestrian,Commercial Vehicle,PSP Reported,NHTSA Aggressive Driving,Deer Related,Illumination Dark,Running Stop Sign,Train,Trolley,Hit Parked Vehicle,Fire In Vehicle,Vehicle Towed,Hazardous Truck,Suspected Serious Injury,Suspected Minor Injury,Possible Injury,Motorcycle Drinking Driver,Drug Related,Illegal Drug Related,School Bus Unit,Drugged Driver,Impaired Driver,Geographic Location of the Crash
1999097215,02,Allegheny,02466,Plum Boro,11,District 11-0,02466,PLUM BORO,1999,09,5,0753,07,Dawn,No adverse conditions,Dry,Head-on, , ,Mid-block,Not applicable, ,Urban,0,1,2,2,No,No,40 27:26.280,79 44:16.440,9999,9999,  , ,No, , , ,No Controls, , , , , , , , , ,2,0,0,0,0,0,0,2,0,0,0,1,1,0,0,0,0,0,0,0,0,0,0,1,0,0,0,0,0,0,0,0,0,0,0,4,0,40.4573,-79.7379, ,No,Yes,No,No,No,No,No,No,No,No,Yes,No,No,No,No,Yes,No,Yes,No,Yes,No,No,No,No,No,No,No,No,No,No,No,No,No,No,No,No,No,No,No,No,No,No,No,No,No,No,No,No,No,No,Yes,Yes,No,No,No,No,No,No,No,No,No,No,No,No,No,No,Yes,No,No,No,No,No,No,No,No,No,No,No,Yes,No,No,No,Yes,No,No,No,No,No,No,"(40.4573, -79.7379)"
1997007551,09,Bucks,09101,Bristol Twp,06,District 6-0,09101,BRISTOL TWP,1997,02,1,2220,22,Dark street lights,No adverse conditions,Dry,Hit fixed object, , ,Mid-block,Not applicable, ,Urban,0,1,1,1,No,No,40 06:01.440,74 54:14.040,9999,9999,  , ,No, , , ,No Controls, , , , , , , , , ,1,1,0,0,0,0,0,0,0,0,0,1,1,0,0,0,0,0,0,0,0,0,0,1,0,0,0,0,0,0,0,0,0,0,0,4,0,40.1004,-74.9039, ,No,Yes,No,No,No,No,No,No,No,No,No,Yes,Yes,No,No,Yes,No,Yes,No,Yes,No,No,No,No,No,No,No,No,No,Yes,No,No,No,No,No,No,No,No,No,No,No,Yes,Yes,No,No,No,No,No,No,No,No,Yes,Yes,No,No,No,No,No,No,No,No,No,No,No,No,No,Yes,No,No,No,No,No,Yes,No,No,No,No,No,Yes,No,No,No,Yes,No,No,No,No,No,Yes,"(40.1004, -74.9039)"
2017124464,21,Cumberland,21219,West Pennsboro Twp,08,District 8-0,68H02,PSP - Carlisle,2017,11,2,0708,07,Daylight,No adverse conditions,Wet,Hit fixed object, , ,Mid-block,Not applicable,Not applicable,Rural,0,2,2,1,N,N,40 12:03.511,77 19:30.731,0735,0721,  , ,0, , , ,0, , , , , , , , , ,1,0,0,0,0,0,1,0,0,0,2,0,2,0,0,0,0,0,0,0,0,0,0,1,0,0,0,0,0,0,0,0,0,0,0,3,0,40.201000000000001,-77.325199999999995,  ,No,Yes,No,No,Yes,No,No,No,No,No,No,Yes,Yes,No,No,Yes,No,Yes,No,Yes,No,No,No,No,No,No,No,No,No,Yes,No,No,No,No,No,No,No,No,No,No,No,No,No,No,No,No,No,No,No,No,No,No,No,No,No,Yes,Yes,No,No,No,No,No,No,No,No,No,Yes,No,No,Yes,No,No,No,No,No,No,No,No,Yes,No,No,Yes,No,No,No,No,No,No,No,"(40.201, -77.3252)"
2014114402,02,Allegheny,02108,McCandless Twp,11,District 11-0,02108,TOWN OF MCCANDLESS,2014,11,5,1814,18,Dark no street lights,No adverse conditions,Wet,Hit fixed object,Construction,Other,Mid-block,Not applicable, ,Urban,0,0,1,1,No,No,40 35:50.488,80 02:51.366,1823,1817,40,1, ,South, , ,No Controls, ,N,N,N,N,N,N,N,N,1,1,0,0,0,0,0,0,0,0,0,0,0,0,0,1,0,0,0,0,0,0,0,1,0,0,0,0,0,0,0,0,0,0,0,0,0,40.5974,-80.0476, ,No,Yes,No,No,Yes,No,No,No,No,No,No,Yes,Yes,Yes,Yes,No,No,No,No,Yes,No,No,No,No,No,No,No,No,No,No,No,Yes,No,No,No,No,No,No,No,No,No,No,No,No,No,No,No,No,No,No,No,No,No,No,No,No,No,No,Yes,No,No,No,No,No,No,No,Yes,No,No,No,No,No,Yes,No,No,No,No,No,Yes,No,No,No,No,No,No,No,No,No,No,"(40.5974, -80.0476)"
2012069840,09,Bucks,09223,Tinicum Twp,06,District 6-0,09223,TINICUM TWP,2012,07,6,1854,18,Daylight,No adverse conditions,Dry,Hit fixed object, , ,Mid-block,Not applicable, ,Rural,0,3,3,1,No,No,40 32:57.682,75 05:12.146,1911,1856,  ,3, ,East and West, , ,No Controls, , , , , , , , , ,1,0,0,0,1,0,0,0,0,0,1,2,3,0,0,0,0,0,1,0,0,0,0,3,0,0,0,0,0,0,0,0,0,0,0,3,0,40.5494,-75.0867, ,No,No,Yes,No,No,No,No,No,No,No,No,Yes,Yes,No,No,Yes,No,Yes,No,Yes,No,No,No,No,No,No,No,No,Yes,No,No,No,Yes,No,No,No,No,No,No,No,No,No,No,No,No,Yes,Yes,No,No,No,No,Yes,No,No,No,No,No,No,No,No,No,Yes,No,No,No,No,Yes,No,No,No,No,No,No,No,No,No,No,No,Yes,No,No,Yes,Yes,No,No,No,No,No,No,"(40.5494, -75.0867)"
2015068482,23,Delaware,23204,Concord Twp,06,District 6-0,68K02,PSP - Media,2015,06,6,2323,23,Dark street lights,No adverse conditions,Dry,Hit pedestrian, , ,Mid-block,Not applicable, ,Urban,0,1,2,2,No,No,39 53:00.747,75 32:09.153,2328,2323,  ,2, ,North, , ,No Controls, , , , , , , , , ,1,1,0,0,0,0,0,0,0,1,0,0,1,0,0,0,0,0,0,0,0,0,0,1,0,0,0,0,0,0,0,0,1,0,1,2,0,39.8835,-75.5359, ,No,Yes,No,No,No,No,No,No,No,No,No,No,No,No,No,Yes,Yes,Yes,No,Yes,No,No,No,No,No,No,No,No,No,No,No,No,No,No,No,No,No,No,No,No,No,No,No,No,No,No,No,No,No,No,No,No,No,No,No,No,No,No,No,No,No,No,No,No,No,No,Yes,Yes,No,Yes,No,No,Yes,No,No,No,No,No,Yes,No,Yes,No,No,No,No,No,No,No,No,"(39.8835, -75.5359)"
2011100254,20,Crawford,20230,Vernon Twp,01,District 1-0,20230,VERNON TWP,2011,10,1,1900,19,Dusk,Rain,Wet,Hit fixed object, , ,Mid-block,Not applicable, ,Rural,0,1,1,1,No,No,41 38:00.938,80 14:49.441,1910,1905,  , ,No, , , ,No Controls, , , , , , , , , ,1,1,0,0,0,0,0,0,0,0,1,0,1,0,0,0,0,0,0,0,0,0,0,1,0,0,0,0,0,0,0,0,0,0,0,3,0,41.6336,-80.2471, ,No,No,Yes,No,Yes,No,No,No,No,No,No,Yes,Yes,No,No,Yes,No,Yes,No,Yes,No,No,No,No,No,No,No,No,No,No,No,No,No,No,No,No,No,No,No,No,No,Yes,Yes,No,No,No,No,No,No,No,No,Yes,No,No,No,Yes,Yes,No,No,No,No,No,No,No,No,No,Yes,No,No,No,No,No,No,No,No,No,No,No,Yes,No,No,Yes,No,No,Yes,No,No,Yes,Yes,"(41.6336, -80.2471)"
2000021916,16,Clarion,16204,Clarion Twp,10,District 10-0,68C02,PSP - Clarion,2000,01,7,1025,10,Daylight,No adverse conditions,Snow covered,Head-on, , ,Mid-block,Not applicable, ,Rural,0,2,3,2,No,No,41 12:24.480,79 23:28.320,9999,9999,  , ,No, , , ,No Controls, , , , , , , , , ,2,0,0,0,1,0,0,1,0,0,0,2,2,0,0,0,0,0,0,0,2,0,0,1,0,0,0,0,0,0,0,0,0,0,0,4,0,41.2068,-79.3912, ,No,Yes,No,No,No,Yes,No,No,No,No,Yes,No,No,No,No,Yes,No,Yes,No,Yes,No,No,No,No,No,No,No,No,No,No,No,No,No,No,No,No,No,No,No,No,No,No,No,No,No,No,No,No,No,No,Yes,No,No,No,No,Yes,Yes,No,No,No,No,No,No,Yes,No,No,Yes,No,No,Yes,No,No,No,No,No,No,No,No,Yes,No,No,No,Yes,No,No,No,No,No,No,"(41.2068, -79.3912)"
2000097330,03,Armstrong,03215,North Buffalo Twp,10,District 10-0,68D02,PSP - Kittanning,2000,08,2,1330,13,Daylight,No adverse conditions,Dry,Hit fixed object, , ,Mid-block,Not applicable, ,Rural,0,1,1,1,No,No,40 45:32.400,79 35:00.240,9999,9999,  , ,No, , , ,No Controls, , , , , , , , , ,1,1,0,0,0,0,0,0,0,0,0,1,1,0,0,0,0,0,0,0,1,0,0,1,0,0,0,0,0,0,0,0,0,0,0,4,0,40.759,-79.5834, ,No,Yes,No,No,No,No,No,No,No,No,No,Yes,Yes,No,No,Yes,No,Yes,No,Yes,No,No,No,No,No,No,No,Yes,No,No,Yes,No,No,No,No,No,No,No,No,No,No,No,No,No,No,No,No,No,No,No,No,Yes,No,No,No,No,No,No,No,No,No,No,No,Yes,No,No,Yes,No,No,Yes,No,No,No,No,No,No,No,No,Yes,No,No,No,Yes,No,No,No,No,No,No,"(40.759, -79.5834)"
2006062275,67,Philadelphia,67301,Philadelphia City,06,District 6-0,67301,PHILADELPHIA CITY,2006,05,7,0239,02,Dark street lights,Other,Other,Rear-end, , ,Mid-block,Not applicable, ,Urban,0,0,2,2, , ,39 59:05.000,75 05:41.417,0300,0242,  ,1,Yes,North, , ,No Controls, , , , , , , , , ,2,1,0,0,0,0,1,0,0,0,0,0,0,0,0,0,0,0,0,0,0,0,0,1,0,0,0,0,0,0,0,0,0,0,0,0,0,39.9847,-75.095, ,Yes,Yes,No,No,No,No,No,No,No,Yes,No,No,No,No,Yes,No,No,No,No,Yes,No,No,No,No,No,No,No,No,No,No,No,No,Yes,No,No,No,No,No,No,No,No,No,No,No,No,No,No,No,No,No,No,No,No,No,No,No,No,No,No,No,No,No,No,No,No,No,Yes,No,No,No,No,No,Yes,No,No,No,No,No,Yes,No,No,No,No,No,No,No,No,No,No,"(39.9847, -75.095)"
2004084497,25,Erie,25210,Harborcreek Twp,01,District 1-0,68E01,PSP - ERIE,2004,08,6,0940,09,Daylight,Rain,Water - standing or moving,Hit fixed object, , ,Mid-block,Not applicable, ,Rural,0,1,1,2,No,No,,,0942,0941,  , ,No, , , ,No Controls, , , , , , , , , ,2,2,0,0,0,0,0,0,0,0,0,1,1,0,0,0,1,0,0,0,0,0,0,1,0,0,0,0,0,0,0,0,0,0,0,4,0,,, ,No,No,Yes,No,No,No,No,No,No,No,No,Yes,Yes,No,No,Yes,No,Yes,No,Yes,No,No,No,No,No,No,No,No,No,No,No,No,No,No,No,No,No,No,No,No,No,No,No,No,No,No,No,No,No,No,No,No,No,No,No,Yes,Yes,No,No,Yes,No,No,No,No,No,No,Yes,No,No,Yes,No,No,No,No,No,No,Yes,No,Yes,No,No,No,Yes,No,No,No,No,No,No,
2005091770,67,Philadelphia,67301,Philadelphia City,06,District 6-0,67301,PHILADELPHIA CITY,2004,08,2,1225,12,Daylight,Rain,Wet,Head-on, , ,T intersection,Not applicable, ,Urban,0,2,4,2,No,No,40 03:07.254,75 14:02.104,1230,1228,  , ,No, , , ,No Controls, , , , , , , , , ,2,1,0,0,1,0,0,0,0,0,0,1,2,1,0,0,0,0,0,0,1,0,0,4,0,0,0,0,0,0,0,0,0,0,0,4,0,40.052,-75.2339, ,No,No,Yes,No,Yes,No,No,No,No,No,Yes,No,No,No,No,Yes,No,Yes,No,No,Yes,No,No,Yes,No,No,No,No,No,No,No,No,No,No,No,No,No,No,No,No,No,No,No,No,No,No,No,No,No,No,No,No,No,No,No,No,Yes,No,No,No,No,No,No,Yes,No,No,Yes,No,No,No,No,No,No,No,No,No,No,No,Yes,No,No,No,Yes,No,No,No,No,No,No,"(40.052, -75.2339)"
2003218149,40,Luzerne,40414,Kingston Boro,04,District 4-0,40414,KINGSTON BORO,2003,02,2,0836,08,Daylight,No adverse conditions,Dry,Angle, , ,Four way intersection,Traffic signal, ,Urban,0,0,2,2,No,No,41 15:29.520,75 53:37.680,9999,9999,  , ,No, , , ,Device Functioning properly, , , , , , , , , ,2,1,0,0,0,0,1,0,0,0,0,0,0,0,0,0,0,0,0,0,1,0,0,1,0,0,0,0,0,0,0,0,0,0,0,0,0,41.2582,-75.8939, ,No,Yes,No,No,No,No,No,No,No,No,No,No,No,No,Yes,No,No,No,No,No,Yes,Yes,No,No,No,No,No,No,No,No,No,No,No,No,No,No,No,No,No,No,No,No,No,No,No,No,No,No,Yes,No,No,No,No,No,No,No,Yes,No,No,No,No,No,No,Yes,No,No,Yes,No,No,No,No,No,No,No,No,No,No,No,Yes,No,No,No,No,No,No,No,No,No,No,"(41.2582, -75.8939)"
2010126470,06,Berks,06429,Wyomissing Boro,05,District 5-0,06429,WYOMISSING BORO,2010,12,6,0958,09,Daylight,No adverse conditions,Dry,Sideswipe (same dir.), , ,Four way intersection,Traffic signal, ,Urban,0,0,2,2,No,No,40 20:43.331,75 58:08.528,1000,0958,  , ,No, , , ,Device Functioning properly, , , , , , , , , ,2,1,0,0,0,0,1,0,0,0,0,0,0,0,0,0,0,0,0,0,0,0,1,1,0,0,0,0,0,0,0,0,0,0,0,0,0,40.3454,-75.969, ,No,Yes,No,No,No,No,No,No,No,No,No,No,No,No,Yes,No,No,No,No,No,Yes,Yes,No,No,No,No,No,No,No,No,No,No,No,No,No,No,No,No,No,No,No,No,No,No,No,No,No,No,No,No,No,No,No,No,No,No,Yes,No,No,No,No,No,No,No,No,Yes,Yes,No,No,No,Yes,No,No,No,No,No,No,No,Yes,No,No,No,No,No,No,No,No,No,No,"(40.3454, -75.969)"
2001269283,40,Luzerne,40301,Hazleton City,04,District 4-0,40301,HAZLETON CITY,2001,08,4,1119,11,Daylight,No adverse conditions,Dry,Angle, , ,Four way intersection,Stop sign, ,Urbanized,0,2,4,2,No,No,40 58:13.080,75 58:37.920,9999,9999,  , ,No, , , ,Device Functioning properly, , , , , , , , , ,2,2,0,0,0,0,0,0,0,0,1,1,2,0,0,0,0,0,0,0,1,0,1,4,0,0,0,0,0,0,0,0,0,0,0,3,0,40.9703,-75.9772, ,No,Yes,No,No,No,No,No,No,No,No,No,No,No,No,No,Yes,No,Yes,No,No,Yes,No,Yes,Yes,No,No,No,No,No,No,No,No,No,No,No,No,No,No,No,No,No,No,No,No,No,No,No,Yes,No,No,No,No,No,No,No,No,Yes,No,No,No,No,No,No,Yes,No,Yes,Yes,No,No,No,No,No,No,No,No,No,No,No,Yes,No,No,Yes,Yes,No,No,No,No,No,No,"(40.9703, -75.9772)"
2000062099,04,Beaver,04203,Chippewa Twp,11,District 11-0,04203,CHIPPEWA TWP,2000,07,5,1605,16,Daylight,No adverse conditions,Dry,Hit fixed object, , ,T intersection,Stop sign, ,Rural,0,1,1,1,No,No,40 46:42.240,80 22:29.280,9999,9999,  , ,No, , , ,Device Functioning properly, , , , , , , , , ,1,0,0,0,0,1,0,0,0,0,1,0,1,0,0,0,0,0,0,0,0,0,0,1,0,0,0,0,0,0,0,0,0,0,0,3,1,40.7783,-80.3748, ,No,Yes,No,No,No,No,No,No,No,No,No,Yes,Yes,No,No,Yes,No,Yes,No,No,Yes,No,Yes,Yes,No,No,No,No,No,Yes,No,No,No,No,Yes,No,No,Yes,Yes,No,No,No,No,No,No,No,No,No,No,No,No,No,No,No,No,No,No,No,No,No,No,No,No,No,No,No,Yes,No,Yes,No,No,No,No,No,No,No,No,No,Yes,No,No,Yes,No,No,No,No,No,No,No,"(40.7783, -80.3748)"
2000020563,36,Lancaster,36238,West Earl Twp,08,District 8-0,36238,WEST EARL TWP,2000,03,5,0716,07,Daylight,No adverse conditions,Dry,Rear-end, , ,Mid-block,Not applicable, ,Urban,0,1,2,2,No,No,40 08:29.400,76 12:02.880,9999,9999,  , ,No, , , ,No Controls, , , , , , , , , ,2,0,0,0,1,1,0,0,0,0,1,0,1,0,0,0,0,0,0,0,0,1,0,1,0,0,0,0,0,0,0,0,0,0,0,3,0,40.1416,-76.2008, ,No,Yes,No,No,No,No,No,No,No,Yes,No,No,No,No,No,Yes,No,Yes,No,Yes,No,No,No,No,No,No,No,No,No,No,No,No,No,No,No,No,No,Yes,No,No,No,No,No,No,No,No,No,No,No,Yes,No,No,No,Yes,Yes,Yes,Yes,No,No,No,No,No,No,No,Yes,No,Yes,No,No,No,Yes,No,No,No,No,No,No,No,Yes,No,No,Yes,No,No,No,No,No,No,No,"(40.1416, -76.2008)"
2006125046,33,Jefferson,33221,Washington Twp,10,District 10-0,68C04,PSP - DuBois,2006,11,4,2315,23,Dark no street lights,No adverse conditions,Dry,Hit fixed object, , ,Mid-block,Not applicable, ,Rural,0,2,2,1,No,No,,,2346,2327,  , ,No, , , ,No Controls, , , , , , , , , ,1,1,0,0,0,0,0,0,0,1,1,0,2,0,0,0,0,0,0,1,0,0,0,2,0,1,0,0,0,0,0,0,0,0,0,2,0,,, ,No,No,Yes,No,No,No,No,No,No,No,No,Yes,Yes,No,No,Yes,Yes,Yes,No,Yes,No,No,No,No,No,No,No,Yes,No,No,No,No,No,No,No,No,No,No,No,No,No,Yes,Yes,Yes,No,No,No,No,No,No,No,Yes,No,No,No,Yes,Yes,No,No,No,No,No,Yes,No,No,No,Yes,No,No,Yes,No,No,Yes,No,No,No,No,No,Yes,No,Yes,Yes,No,No,No,No,No,No,Yes,
1998049082,24,Elk,24210,Spring Creek Twp,02,District 2-0,68C06,PSP - Ridgway,1998,05,1,1430,14,Daylight,No adverse conditions,Dry,Hit fixed object, , ,Mid-block,Not applicable, ,Rural,0,1,1,1,No,No,,,9999,9999,  , ,No, , , ,No Controls, , , , , , , , , ,1,0,0,0,1,0,0,0,0,0,0,1,1,0,0,0,0,0,0,0,0,0,0,1,0,0,0,0,0,0,0,0,0,0,0,4,0,,, ,No,No,Yes,No,No,No,No,No,No,No,No,Yes,Yes,No,No,Yes,No,Yes,No,Yes,No,No,No,No,No,No,No,No,No,No,No,No,No,No,Yes,No,No,No,No,No,No,No,No,No,No,No,No,No,No,No,No,No,No,No,Yes,Yes,Yes,No,No,No,No,No,No,No,No,No,Yes,No,No,Yes,No,No,No,No,No,No,No,No,Yes,No,No,No,Yes,No,No,No,No,No,No,
2005069214,67,Philadelphia,67301,Philadelphia City,06,District 6-0,67301,PHILADELPHIA CITY,2004,11,4,1008,10,Daylight,No adverse conditions,Dry,Hit pedestrian, , ,Four way intersection,Traffic signal, ,Urban,0,1,2,2,No,No,,,1008,1008,  ,1,Yes,South, , ,Device Functioning properly, , , , , , , , , ,1,0,0,0,0,1,0,0,0,0,0,1,1,0,0,0,0,0,0,0,0,0,0,1,0,0,0,0,0,0,0,0,1,0,0,4,1,,, ,No,No,Yes,No,No,No,No,No,No,No,No,No,No,No,No,Yes,No,Yes,No,No,Yes,Yes,No,No,No,No,No,No,No,No,No,No,No,No,No,No,No,Yes,No,No,No,No,No,No,No,No,No,No,No,No,No,No,No,No,No,No,No,No,No,No,No,No,No,No,No,No,Yes,Yes,Yes,No,No,No,No,No,No,No,No,No,No,No,No,No,Yes,No,No,No,No,No,No,
2007001701,06,Berks,06204,Bern Twp,05,District 5-0,06204,BERN TWP,2006,12,2,1805,18,Dark no street lights,Rain,Wet,Hit fixed object, , ,Mid-block,Not applicable, ,Rural,1,1,2,1,No,No,40 23:55.000,76 00:47.841,1835,1805,  ,3, ,North And South, ,No Special Jurisdiction,No Controls, , , , , , , , , ,1,1,0,0,0,0,0,0,0,0,0,1,1,0,0,0,0,0,0,0,0,1,0,1,1,0,0,0,0,0,0,0,0,0,0,1,0,40.3981,-76.0121,Blacktop,No,Yes,No,No,Yes,No,No,No,No,No,No,Yes,Yes,No,No,Yes,Yes,Yes,Yes,Yes,No,No,No,No,No,No,No,No,Yes,No,No,No,No,No,Yes,No,No,No,No,No,No,Yes,Yes,No,No,No,No,No,No,No,No,No,No,No,No,No,No,No,No,No,No,No,No,No,Yes,No,Yes,No,No,No,No,No,Yes,No,No,No,No,No,Yes,No,No,No,Yes,No,No,No,No,No,Yes,"(40.3981, -76.0121)"
2016105804,67,Philadelphia,67301,Philadelphia City,06,District 6-0,67301,PHILADELPHIA CITY,2016,09,1,0907,09,Daylight,No adverse conditions,Dry,Angle, , ,Four way intersection,Traffic signal, ,Urban,0,1,5,2,No,No,39 57:36.745,75 11:27.211,0915,0913,  ,2, ,East, , ,Device Functioning properly, , , , , , , , , ,2,1,0,0,0,0,0,1,0,0,0,1,1,0,0,0,0,0,0,0,0,0,0,1,0,0,0,0,0,0,0,0,0,0,0,4,0,39.9602,-75.1909, ,No,No,Yes,No,No,No,No,No,No,No,No,No,No,No,No,Yes,No,Yes,No,No,Yes,Yes,No,No,No,No,No,No,No,No,No,No,No,No,No,No,No,No,No,No,No,No,No,No,No,No,No,No,Yes,No,No,No,No,No,No,No,Yes,No,No,No,No,No,No,No,No,No,Yes,No,No,No,No,No,No,No,No,No,No,No,Yes,No,No,No,Yes,No,No,No,No,No,No,"(39.9602, -75.1909)"
2000087957,38,Lebanon,38301,Lebanon City,08,District 8-0,38301,LEBANON CITY,2000,08,6,1418,14,Daylight,Rain,Wet,Angle, , ,Four way intersection,Traffic signal, ,Urbanized,0,0,2,2,No,No,,,9999,9999,  , ,No, , , ,Device Functioning properly, , , , , , , , , ,2,0,0,0,1,0,0,1,0,0,0,0,0,0,0,0,0,0,0,0,0,0,0,1,0,0,0,0,0,0,0,0,0,0,0,0,0,,, ,No,No,Yes,No,Yes,No,No,No,No,No,No,No,No,No,Yes,No,No,No,No,No,Yes,Yes,No,No,No,No,No,No,No,No,No,No,No,No,No,No,No,No,No,No,No,No,No,No,No,No,No,No,Yes,No,No,No,No,No,No,No,Yes,No,No,No,No,No,No,No,No,No,Yes,No,No,No,No,No,No,No,No,No,No,No,Yes,No,No,No,No,No,No,No,No,No,No,
2002053907,67,Philadelphia,67301,Philadelphia City,06,District 6-0,67301,PHILADELPHIA CITY,2002,01,7,1151,11,Daylight,No adverse conditions,Dry,Rear-end, , ,Mid-block,Not applicable, ,Urban,0,1,3,3,No,No,,,1208,1151,  , ,No, , , ,No Controls, , , , , , , , , ,3,3,0,0,0,0,0,0,0,0,0,1,1,0,1,0,0,0,0,0,0,2,0,2,0,0,0,0,0,0,0,0,0,0,0,4,0,,, ,No,No,Yes,No,No,No,No,No,No,Yes,No,No,No,No,No,Yes,No,Yes,No,Yes,No,No,No,No,No,No,No,No,No,No,No,No,No,No,No,No,No,No,No,No,No,No,No,No,Yes,No,No,No,No,No,No,No,No,No,No,No,No,No,No,No,No,No,No,No,Yes,No,Yes,No,No,No,No,No,No,No,No,No,No,No,Yes,No,No,No,Yes,No,No,No,No,No,No,
1998070762,20,Crawford,20223,Spring Twp,01,District 1-0,68E05,PSP - Meadville,1998,07,3,2110,21,Dark no street lights,Rain,Wet,Hit fixed object, , ,Mid-block,Not applicable, ,Rural,0,2,2,1,No,No,41 47:21.480,80 17:53.880,9999,9999,  , ,No, , , ,No Controls, , , , , , , , , ,1,0,0,0,1,0,0,0,0,0,1,1,2,0,0,0,0,0,0,1,0,0,0,2,0,0,0,0,0,0,0,0,0,0,0,3,0,41.7893,-80.2983, ,No,Yes,No,No,Yes,No,No,No,No,No,No,Yes,Yes,No,No,Yes,No,Yes,No,Yes,No,No,No,No,No,No,No,Yes,No,No,No,No,No,No,No,No,No,No,No,No,No,No,No,No,No,No,No,No,No,No,No,Yes,No,No,No,No,No,No,No,No,No,No,Yes,No,No,No,Yes,No,No,Yes,No,No,Yes,No,No,No,No,No,Yes,No,No,Yes,Yes,No,No,No,No,No,No,"(41.7893, -80.2983)"
2003022044,23,Delaware,23207,Middletown Twp,06,District 6-0,68K02,PSP - Media,2002,05,5,2056,20,Dark no street lights,No adverse conditions,Dry,Rear-end, , ,Four way intersection,Traffic signal, ,Urban,0,3,5,2,No,No,39 54:16.741,75 24:53.217,2056,2056,  ,2, ,North, , ,Device Functioning properly, , , , , , , , , ,2,2,0,0,0,0,0,0,0,0,0,3,3,0,0,0,0,0,0,0,0,0,0,1,0,0,0,0,0,0,0,0,0,0,0,4,0,39.9046,-75.4148, ,No,Yes,No,No,No,No,No,No,No,Yes,No,No,No,No,No,Yes,No,Yes,No,No,Yes,Yes,No,No,No,No,No,No,No,No,No,No,No,No,No,No,No,No,No,No,No,Yes,Yes,No,No,No,No,No,No,No,No,No,No,No,No,No,No,No,No,No,No,No,No,No,No,No,Yes,No,No,Yes,No,No,Yes,No,No,No,No,No,Yes,No,No,No,Yes,No,No,No,No,No,Yes,"(39.9046, -75.4148)"
1997117771,23,Delaware,23112,Marple Twp,06,District 6-0,23112,MARPLE TWP,1997,08,5,0728,07,Daylight,Rain,Wet,Angle, , ,Four way intersection,Traffic signal, ,Urban,0,2,3,2,No,No,39 57:51.480,75 21:15.120,9999,9999,  , ,No, , , ,Device Functioning properly, , , , , , , , , ,2,1,0,0,0,0,0,1,0,0,0,2,2,0,0,0,0,0,0,0,1,0,0,2,0,0,0,0,0,0,0,0,0,0,0,4,0,39.9643,-75.3542, ,No,Yes,No,No,Yes,No,No,No,No,No,No,No,No,No,No,Yes,No,Yes,No,No,Yes,Yes,No,No,No,No,No,No,No,No,No,No,No,No,No,No,No,No,No,No,No,No,No,No,No,Yes,No,No,Yes,No,No,No,No,No,No,No,Yes,No,No,No,No,No,No,Yes,No,No,Yes,No,No,No,No,No,No,No,No,No,No,No,Yes,No,No,No,Yes,No,No,No,No,No,No,"(39.9643, -75.3542)"