Crash Record Number,County Code,County Name,Municipality Code,Municipality Name,District Code,District Name,Police Agency Code,Police Agency Name,Crash Year,Crash Month,Day of Week,Time of Day,Hour of Day,Illumination,Weather,Road Condition,Collision Type,Work Zone Type,Work Zone Location,Intersection Type,Traffic Control Device,Location Type,Urban / Rural,Fatality Count,Injury Count,Person Count,Total Unit Count,School Bus Indicator,School Zone Indicator,Latitude,Longitude,Arrival Time,Dispatch Time,Construction Zone Speed Limit,Estimated Hours Closed,Lane Closed,Lane Closure Direction,Notify Highway Maintenance,Special Jurisdiction,Traffic Control Device Function,Traffic Detour,Workers Present,Work Zone Close/Detour,Work Zone Flagger,Work Zone Law Officer,Work Zone Closure,Work Zone Moving,Work Zone Other,Work Zone Shoulder/Median,Vehicle Count,Automobile Count,Motorcycle Count,Bus Count,Small Truck Count,Heavy Truck Count,SUV Count,Van Count,Bicycle Count,Suspected Serious Injury Count,Suspected Minor Injury Count,Possible Injury Count,Total Injury Count,Unknown Injury Degree Count,Unknown Injury Person Count,16 Year Old Driver Count,17 Year Old Driver Count,18 Year Old Driver Count,19 Year Old Driver Count,20 Year Old Driver Count,50-64 Year Old Driver Count,65-74 Year Old Driver Count,75 Plus Year Old Driver Count,Unbelted Occupant Count,Unbelted Death Count,Unbelted Suspected Serious Injury Count,Belted Death Count,Belted Suspected Serious Injury Count,Motorcycle Death Count,Motorcycle Suspected Serious Injury Count,Bicycle Death Count,Bicycle Suspected Serious Injury Count,Pedestrian Count,Pedestrian Death Count,Pedestrian Suspected Serious Injury Count,Maximum Severity Level,Commercial Vehicle Count,Latitude (Decimal),Longitude (Decimal),Roadway Surface Type,Interstate,State Road,Local Road Only,Turnpike,Wet Road,Snow Slush Road,Icy Road,Sudden Deer,Shoulder Related,Rear End,Head On / Opposite Direction Side Swipe,Hit Fixed Object,Single Vehicle Run Off Road,Work Zone,Property Damage Only,Injury or Fatal,Fatal or Suspected Serious Injury,Injury,Fatal,Non Intersection,Intersection,Signalized Intersection,Stop Controlled Intersection,Unsignalized Intersection,School Bus,School Zone,Hit Deer,Hit Tree / Shrub,Hit Embankment,Hit Pole,Hit Guide Rail,Hit Guide Rail End,Hit Barrier,Hit Bridge,Overturned,Motorcycle,Bicycle,Heavy Truck Related,Vehicle Failure,Train / Trolley,Phantom Vehicle,Alcohol Related,Drinking Driver,Underage Drinking Driver,Unlicensed,Distracted,Cell Phone,No Clearance,Running Red Light,Tailgating,Cross Median,Curved Road,Curve Driver Error,Limit 65 MPH,Speeding,Speeding Related,Aggressive Driving,Fatigue / Asleep,Driver 16 Years Old,Driver 17 Years Old,Driver 18 Years Old,Driver 19 Years Old,Driver 20 Years Old,Driver 50 - 64 Years Old,Driver 65 - 74 Years Old,Driver 75 Plus,Unbelted,Pedestrian,Commercial Vehicle,PSP Reported,NHTSA Aggressive Driving,Deer Related,Illumination Dark,Running Stop Sign,Train,Trolley,Hit Parked Vehicle,Fire In Vehicle,Vehicle Towed,Hazardous Truck,Suspected Serious Injury,Suspected Minor Injury,Possible Injury,Motorcycle Drinking Driver,Drug Related,Illegal Drug Related,School Bus Unit,Drugged Driver,Impaired Driver,Geographic Location of the Crash
2000035812,50,Perry,50212,Penn Twp,08,District 8-0,68H05,PSP - Newport,2000,03,7,1440,14,Daylight,No adverse conditions,Dry,Rear-end, , ,Mid-block,Not applicable, ,Rural,0,1,6,2,No,No,40 21:19.080,76 59:14.280,9999,9999,  , ,No, , , ,No Controls, , , , , , , , , ,2,2,0,0,0,0,0,0,0,0,0,1,1,0,0,0,0,0,0,0,0,0,0,3,0,0,0,0,0,0,0,0,0,0,0,4,0,40.3553,-76.987, ,No,Yes,No,No,No,No,No,No,No,Yes,No,No,No,No,No,Yes,No,Yes,No,Yes,No,No,No,No,No,No,No,No,No,No,No,No,No,No,No,No,No,No,No,No,No,No,No,No,No,No,No,No,No,No,No,No,No,No,No,Yes,Yes,No,No,No,No,No,No,No,No,No,Yes,No,No,Yes,No,No,No,No,No,No,No,No,Yes,No,No,No,Yes,No,No,No,No,No,No,"(40.3553, -76.987)"
2014032590,64,Westmoreland,64101,North Huntingdon Twp,12,District 12-0,64101,NORTH HUNTINGDON TWP,2014,03,5,1938,19,Dark no street lights,No adverse conditions,Dry,Rear-end, , ,T intersection,Traffic signal, ,Urban,0,0,2,2,No,No,40 19:01.920,79 41:01.912,1942,1939,  , ,No, , , ,Device Functioning properly, , , , , , , , , ,2,1,0,0,0,0,1,0,0,0,0,0,0,0,0,0,0,0,0,0,1,0,0,1,0,0,0,0,0,0,0,0,0,0,0,0,0,40.3172,-79.6839, ,No,Yes,No,No,No,No,No,No,No,Yes,No,No,No,No,Yes,No,No,No,No,No,Yes,Yes,No,No,No,No,No,No,No,No,No,No,No,No,No,No,No,No,No,No,No,No,No,No,No,No,No,No,No,No,No,No,No,No,No,Yes,Yes,No,No,No,No,No,No,Yes,No,No,Yes,No,No,No,No,No,Yes,No,No,No,No,No,Yes,No,No,No,No,No,No,No,No,No,No,"(40.3172, -79.6839)"
2009011781,66,York,66221,North Codorus Twp,08,District 8-0,66507,SOUTHWESTERN REGIONAL,2009,01,3,1931,19,Dark no street lights,No adverse conditions,Dry,Head-on, , ,Mid-block,Not applicable, ,Rural,0,2,2,2,No,No,39 50:57.658,76 50:46.863,1939,1931,  ,2, ,East and West, , ,No Controls, , , , , , , , , ,2,1,0,0,1,0,0,0,0,2,0,0,2,0,0,0,0,0,0,0,1,0,0,1,0,1,0,1,0,0,0,0,0,0,0,2,0,39.8493,-76.8464, ,No,Yes,No,No,No,No,No,No,No,No,Yes,No,No,No,No,Yes,Yes,Yes,No,Yes,No,No,No,No,No,No,No,No,No,No,No,No,No,No,No,No,No,No,No,No,No,Yes,Yes,No,No,No,No,No,No,No,Yes,Yes,No,No,No,No,No,No,No,No,No,No,No,Yes,No,No,Yes,No,No,No,No,No,Yes,No,No,No,No,No,Yes,No,Yes,No,No,No,No,No,No,No,Yes,"(39.8493, -76.8464)"
2003055116,11,Cambria,11212,East Carroll Twp,09,District 9-0,68A02,PSP - Ebensburg,2003,01,4,0425,04,Dark no street lights,Snow,Snow covered,Hit fixed object, , ,Mid-block,Not applicable, ,Rural,0,1,1,1,No,No,40 36:25.378,78 41:39.775,0448,0426,  , ,No, , , ,No Controls, , , , , , , , , ,1,1,0,0,0,0,0,0,0,0,0,1,1,0,0,0,0,0,0,0,0,0,0,1,0,0,0,0,0,0,0,0,0,0,0,4,0,40.607,-78.6944, ,No,Yes,No,No,No,Yes,No,No,No,No,No,Yes,Yes,No,No,Yes,No,Yes,No,Yes,No,No,No,No,No,No,No,Yes,No,No,No,No,No,No,No,No,No,No,No,No,No,Yes,Yes,No,No,No,No,No,No,No,No,No,No,No,No,No,No,No,No,No,No,No,No,No,No,No,Yes,No,No,Yes,No,No,Yes,No,No,No,No,No,Yes,No,No,No,Yes,No,No,No,No,No,Yes,"(40.607, -78.6944)"
2012115152,13,Carbon,13204,Kidder Twp,05,District 5-0,68N03,PSP - Fern Ridge,2012,11,3,0715,07,Daylight,Sleet(hail),Slush,Non collision, , ,Mid-block,Not applicable, ,Rural,0,2,2,1,No,No,41 04:41.319,75 35:42.102,0720,0716,  ,1,Yes,East, , ,No Controls, , , , , , , , , ,1,0,0,0,0,1,0,0,0,0,0,2,2,0,0,0,0,0,0,0,0,0,0,1,0,0,0,0,0,0,0,0,0,0,0,4,1,41.0781,-75.595, ,Yes,Yes,No,No,No,Yes,No,No,No,No,No,No,Yes,No,No,Yes,No,Yes,No,Yes,No,No,No,No,No,No,No,Yes,No,No,No,No,No,No,No,No,No,Yes,No,No,No,No,No,No,No,No,No,No,No,No,No,Yes,No,Yes,No,Yes,Yes,No,No,No,No,No,No,No,No,No,Yes,No,Yes,Yes,No,No,No,No,No,No,No,No,Yes,No,No,No,Yes,No,No,No,No,No,No,"(41.0781, -75.595)"
2004046237,54,Snyder,54201,Adams Twp,03,District 3-0,68F07,PSP - Selinsgrove,2004,02,1,1652,16,Daylight,No adverse conditions,Dry,Non collision, , ,Four way intersection,Stop sign, ,Rural,0,2,2,1,No,No,40 49:43.014,76 51:41.443,1707,1653,  ,2, ,East and West, , ,Device Functioning properly, , , , , , , , , ,1,1,0,0,0,0,0,0,0,0,2,0,2,0,0,1,0,0,0,0,0,0,0,2,0,0,0,0,0,0,0,0,0,0,0,3,0,40.8296,-76.8579, ,No,Yes,No,No,No,No,No,No,No,No,No,No,Yes,No,No,Yes,No,Yes,No,No,Yes,No,Yes,Yes,No,No,No,Yes,No,No,No,No,No,No,No,No,No,No,No,No,No,No,No,No,No,No,No,No,No,No,No,No,No,No,No,Yes,Yes,No,Yes,No,No,No,No,No,No,No,Yes,No,No,Yes,Yes,No,No,Yes,No,No,No,No,Yes,No,No,Yes,No,No,No,No,No,No,No,"(40.8296, -76.8579)"
2010121946,53,Schuylkill,53213,Hegins Twp,05,District 5-0,53213,HEGINS TWP,2010,09,5,1720,17,Daylight,No adverse conditions,Dry,Hit fixed object, , ,Mid-block,Not applicable, ,Rural,0,1,1,1,No,No,40 38:42.320,76 32:36.016,1729,1725,  ,2,Yes,West, , ,No Controls, , , , , , , , , ,1,1,0,0,0,0,0,0,0,0,0,0,1,1,0,0,0,0,0,0,0,0,0,1,0,0,0,0,0,0,0,0,0,0,0,8,0,40.6451,-76.5433, ,No,Yes,No,No,No,No,No,No,No,No,No,Yes,Yes,No,No,Yes,No,Yes,No,Yes,No,No,No,No,No,No,No,No,No,Yes,No,No,No,No,No,No,No,No,No,No,No,No,No,No,No,Yes,No,No,No,No,No,No,No,No,No,No,No,No,No,No,No,No,No,No,No,No,Yes,No,No,No,No,No,No,No,No,No,No,No,Yes,No,No,No,No,No,No,No,No,No,No,"(40.6451, -76.5433)"
2013104855,04,Beaver,04423,New Brighton Boro,11,District 11-0,04423,NEW BRIGHTON AREA,2013,10,2,1710,17,Daylight,No adverse conditions,Dry,Rear-end, , ,Four way intersection,Traffic signal, ,Urban,0,1,2,2,No, ,40 44:17.034,80 19:01.836,1714,1712,  , ,No, , , ,Device Functioning properly, , , , , , , , , ,2,2,0,0,0,0,0,0,0,0,0,1,1,0,0,0,0,0,0,0,0,1,0,2,0,0,0,0,0,0,0,0,0,0,0,4,0,40.7381,-80.3172, ,No,Yes,No,No,No,No,No,No,No,Yes,No,No,No,No,No,Yes,No,Yes,No,No,Yes,Yes,No,No,No,No,No,No,No,No,No,No,No,No,No,No,No,No,No,No,No,No,No,No,No,No,No,No,No,No,No,Yes,No,No,No,No,Yes,No,No,No,No,No,No,No,Yes,No,Yes,No,No,No,No,No,No,No,No,No,No,No,Yes,No,No,No,Yes,No,No,No,No,No,No,"(40.7381, -80.3172)"
2007070683,35,Lackawanna,35302,Scranton City,04,District 4-0,35302,SCRANTON CITY,2007,05,6,0728,07,Daylight,No adverse conditions,Dry,Angle, , ,Four way intersection,Stop sign, ,Urban,0,0,2,2,No,No,41 24:52.822,75 39:07.311,0732,0728,  , ,No, , , ,Device Functioning improperly, , , , , , , , , ,2,2,0,0,0,0,0,0,0,0,0,0,0,0,0,0,0,0,0,0,0,0,0,1,0,0,0,0,0,0,0,0,0,0,0,0,0,41.4147,-75.652, ,No,No,Yes,No,No,No,No,No,No,No,No,No,No,No,Yes,No,No,No,No,No,Yes,No,Yes,Yes,No,No,No,No,No,No,No,No,No,No,No,No,No,No,No,No,No,No,No,No,No,No,No,Yes,No,No,No,No,No,No,No,No,Yes,No,No,No,No,No,No,No,No,No,Yes,No,No,No,No,No,No,No,No,No,No,No,Yes,No,No,No,No,No,No,No,No,No,No,"(41.4147, -75.652)"
2016118188,15,Chester,15222,London Grove Twp,06,District 6-0,68J02,PSP - Avondale,2016,11,5,1424,14,Daylight,Rain,Wet,Non collision, , ,Mid-block,Not applicable, ,Rural,0,1,1,1,No,No,39 48:43.160,75 49:46.160,1432,1432,  ,2, ,North And South, , ,No Controls, , , , , , , , , ,1,0,0,0,1,0,0,0,0,1,0,0,1,0,0,0,0,1,0,0,0,0,0,1,0,1,0,0,0,0,0,0,0,0,0,2,0,39.812,-75.8295, ,No,No,Yes,No,Yes,No,No,No,No,No,No,No,Yes,No,No,Yes,Yes,Yes,No,Yes,No,No,No,No,No,No,No,No,No,No,No,No,No,No,Yes,No,No,No,No,No,No,No,No,No,No,No,No,No,No,No,No,Yes,Yes,No,No,Yes,Yes,No,No,No,Yes,No,No,No,No,No,Yes,No,No,Yes,No,No,No,No,No,No,No,No,Yes,No,Yes,No,No,No,No,No,No,No,No,"(39.812, -75.8295)"
2000022092,10,Butler,10216,Franklin Twp,10,District 10-0,68D01,PSP - Butler,2000,01,6,2145,21,Dark no street lights,No adverse conditions,Dry,Hit fixed object, , ,Mid-block,Not applicable, ,Urbanized,0,1,1,1,No,No,,,9999,9999,  , ,No, , , ,No Controls, , , , , , , , , ,1,1,0,0,0,0,0,0,0,1,0,0,1,0,0,0,0,0,0,0,0,0,0,1,0,1,0,0,0,0,0,0,0,0,0,2,0,,, ,No,No,Yes,No,No,No,No,No,No,No,No,Yes,Yes,No,No,Yes,Yes,Yes,No,Yes,No,No,No,No,No,No,No,Yes,No,No,No,No,No,No,No,No,No,No,No,No,No,Yes,Yes,No,No,No,No,No,No,No,Yes,No,No,No,No,No,No,No,No,No,No,No,No,No,No,No,Yes,No,No,Yes,No,No,Yes,No,No,No,No,No,Yes,No,Yes,No,No,No,No,No,No,No,Yes,
2006020461,58,Tioga,58203,Charleston Twp,03,District 3-0,68F05,PSP - Mansfield,2006,01,7,1700,17,Dusk,Snow,Ice,Angle, , ,Mid-block,Stop sign, ,Rural,0,1,2,2,No,No,,,1706,1704,  ,2,Yes,East, , ,Device Functioning properly, , , , , , , , , ,2,1,0,0,1,0,0,0,0,0,0,1,1,0,0,0,0,0,0,0,1,1,0,1,0,0,0,0,0,0,0,0,0,0,0,4,0,,, ,No,Yes,No,No,No,No,Yes,No,No,No,No,No,No,No,No,Yes,No,Yes,No,Yes,No,No,No,No,No,No,No,No,No,No,No,No,No,No,No,No,No,No,No,No,No,No,No,No,No,No,No,Yes,No,No,No,No,No,No,No,No,Yes,No,No,No,No,No,No,Yes,Yes,No,Yes,No,No,Yes,No,No,No,No,No,No,No,No,Yes,No,No,No,Yes,No,No,No,No,No,No,
2013074053,19,Columbia,19210,Hemlock Twp,03,District 3-0,68N02,PSP - Bloomsburg,2013,06,2,0855,08,Daylight,No adverse conditions,Dry,Rear-end, , ,Mid-block,Not applicable, ,Rural,0,2,2,2,No,No,41 00:23.406,76 31:42.321,0904,0855,  ,1,Yes,West, , ,No Controls, , , , , , , , , ,2,0,0,0,0,0,1,1,0,0,0,0,2,2,0,0,0,0,0,0,1,0,0,1,0,0,0,0,0,0,0,0,0,0,0,8,0,41.0065,-76.5284, ,Yes,Yes,No,No,No,No,No,No,No,Yes,No,No,No,No,No,Yes,No,Yes,No,Yes,No,No,No,No,No,No,No,No,No,No,No,No,No,No,Yes,No,No,No,No,No,No,No,No,No,No,Yes,No,No,No,No,No,No,No,Yes,No,No,No,No,No,No,No,No,No,Yes,No,No,Yes,No,No,Yes,No,No,No,No,No,No,No,No,Yes,No,No,No,No,No,No,No,No,No,No,"(41.0065, -76.5284)"
1998142615,64,Westmoreland,64204,Derry Twp,12,District 12-0,68A01,PSP - Greensburg,1998,12,3,1845,18,Dark no street lights,No adverse conditions,Dry,Sideswipe (Opposite dir.), , ,Mid-block,Not applicable, ,Rural,0,0,2,2,No,No,40 21:55.440,79 21:39.240,9999,9999,  , ,No, , , ,No Controls, , , , , , , , , ,2,0,0,0,1,0,1,0,0,0,0,0,0,0,0,0,0,0,0,0,0,0,0,1,0,0,0,0,0,0,0,0,0,0,0,0,0,40.3654,-79.3609, ,No,Yes,No,No,No,No,No,Yes,No,No,Yes,No,No,No,Yes,No,No,No,No,Yes,No,No,No,No,No,No,No,No,No,No,Yes,No,No,No,No,No,No,No,No,No,No,No,No,No,No,No,No,No,No,No,Yes,Yes,No,No,No,No,No,No,No,No,No,No,No,No,No,No,Yes,No,No,Yes,No,Yes,Yes,No,No,No,No,No,Yes,No,No,No,No,No,No,No,No,No,No,"(40.3654, -79.3609)"
2003042555,39,Lehigh,39201,Hanover Twp,05,District 5-0,68M01,PSP - Bethlehem,2002,09,6,2343,23,Dark street lights,No adverse conditions,Dry,Hit fixed object, , ,Off ramp,Not applicable, ,Urban,0,1,1,1,No,No,40 38:37.320,75 25:53.760,2350,2344,  , ,No, , , ,No Controls, , , , , , , , , ,1,1,0,0,0,0,0,0,0,0,0,1,1,0,0,0,0,0,0,0,0,0,0,1,0,0,0,0,0,0,0,0,0,0,0,4,0,40.644,-75.4316, ,No,Yes,No,No,No,No,No,No,No,No,No,Yes,Yes,No,No,Yes,No,Yes,No,No,Yes,No,No,Yes,No,No,No,No,No,No,No,No,Yes,No,No,No,No,No,No,No,No,Yes,Yes,No,No,No,No,No,No,No,No,Yes,Yes,No,No,Yes,Yes,No,No,No,No,No,No,No,No,No,Yes,No,No,Yes,No,No,Yes,No,No,No,No,No,Yes,No,No,No,Yes,No,No,No,No,No,Yes,"(40.644, -75.4316)"
1999031882,67,Philadelphia,67301,Philadelphia City,06,District 6-0,67301,PHILADELPHIA CITY,1999,03,1,0139,01,Dark street lights,No adverse conditions,Dry,Angle, , ,Four way intersection,Stop sign, ,Urban,0,4,4,2,No,No,39 57:34.200,75 13:59.520,9999,9999,  , ,No, , , ,Device Functioning properly, , , , , , , , , ,2,2,0,0,0,0,0,0,0,0,4,0,4,0,0,0,0,0,0,0,0,0,0,3,0,0,0,0,0,0,0,0,0,0,0,3,0,39.9595,-75.2332, ,No,Yes,No,No,No,No,No,No,No,No,No,No,No,No,No,Yes,No,Yes,No,No,Yes,No,Yes,Yes,No,No,No,No,No,No,No,No,No,No,No,No,No,No,No,No,No,No,No,No,No,No,No,Yes,No,No,No,No,No,No,No,No,Yes,No,No,No,No,No,No,No,No,No,Yes,No,No,No,No,No,Yes,No,No,No,No,No,Yes,No,No,Yes,No,No,No,No,No,No,No,"(39.9595, -75.2332)"
2001255026,11,Cambria,11215,Gallitzin Twp,09,District 9-0,68A02,PSP - Ebensburg,2001,05,5,1440,14,Daylight,No adverse conditions,Dry,Sideswipe (Opposite dir.), , ,Mid-block,Not applicable, ,Rural,0,2,11,2,No,No,40 28:41.880,78 34:20.640,9999,9999,  , ,No, , , ,No Controls, , , , , , , , , ,2,1,0,0,0,0,0,1,0,1,1,0,2,0,0,0,1,0,0,0,0,0,0,1,0,1,0,0,0,0,0,0,0,0,0,2,0,40.4782,-78.5724, ,No,Yes,No,No,No,No,No,No,No,No,Yes,No,No,No,No,Yes,Yes,Yes,No,Yes,No,No,No,No,No,No,No,No,No,No,No,No,No,No,No,No,No,No,No,No,No,No,No,No,No,Yes,No,No,No,Yes,Yes,No,No,No,No,No,Yes,No,No,Yes,No,No,No,No,No,No,Yes,No,No,Yes,No,No,No,No,No,No,No,No,Yes,No,Yes,Yes,No,No,No,No,No,No,No,"(40.4782, -78.5724)"
2003025507,67,Philadelphia,67301,Philadelphia City,06,District 6-0,67301,PHILADELPHIA CITY,2002,06,7,0450,04,Dark street lights,No adverse conditions,Other,Angle, , ,Mid-block,Stop sign, ,Urban,0,2,3,5,No,No,,,0457,0454,  ,3, ,South, , ,Device Functioning properly, , , , , , , , , ,5,4,0,0,0,0,0,0,0,1,0,1,2,0,0,0,0,1,0,0,0,0,0,1,0,1,0,0,0,0,0,0,0,0,0,2,0,,, ,No,No,Yes,No,No,No,No,No,No,No,No,No,No,No,No,Yes,Yes,Yes,No,Yes,No,No,No,No,No,No,No,No,No,No,No,No,No,No,No,No,No,No,No,No,No,Yes,Yes,No,No,No,No,No,No,No,No,No,No,No,No,No,Yes,No,No,No,Yes,No,No,No,No,No,Yes,No,No,No,No,No,Yes,Yes,No,No,Yes,No,Yes,No,Yes,No,Yes,No,No,No,No,No,Yes,
2005074367,21,Cumberland,21213,South Middleton Twp,08,District 8-0,68H02,PSP - Carlisle,2004,08,1,1522,15,Daylight,No adverse conditions,Dry,Angle, , ,Mid-block,Not applicable, ,Rural,0,1,2,2,No,No,,,1538,1522,  , ,No, , , ,No Controls, , , , , , , , , ,2,0,1,0,1,0,0,0,0,0,0,0,1,1,0,0,0,0,0,0,1,0,0,1,0,0,0,0,0,0,0,0,0,0,0,8,0,,, ,No,No,Yes,No,No,No,No,No,No,No,No,No,No,No,No,Yes,No,Yes,No,Yes,No,No,No,No,No,No,No,No,No,No,No,No,No,No,No,Yes,No,No,No,No,No,No,No,No,No,No,No,No,No,No,No,No,No,No,No,No,Yes,No,No,No,No,No,No,Yes,No,No,Yes,No,No,Yes,No,No,No,No,No,No,No,No,Yes,No,No,No,No,No,No,No,No,No,No,
1997062086,40,Luzerne,40304,Wilkes,04,District 4-0,40304,WILKES BARRE CITY,1997,05,2,0956,09,Daylight,No adverse conditions,Dry,Angle, , ,Four way intersection,Traffic signal, ,Urban,0,1,3,2,No,No,,,9999,9999,  , ,No, , , ,Device Functioning properly, , , , , , , , , ,2,1,0,0,0,0,0,1,0,0,0,1,1,0,0,0,0,0,0,0,1,1,0,1,0,0,0,0,0,0,0,0,0,0,0,4,0,,, ,No,No,Yes,No,No,No,No,No,No,No,No,No,No,No,No,Yes,No,Yes,No,No,Yes,Yes,No,No,No,No,No,No,No,No,No,No,No,No,No,No,No,No,No,No,No,No,No,No,No,No,No,No,Yes,No,No,No,No,No,No,No,Yes,No,No,No,No,No,No,Yes,Yes,No,Yes,No,No,No,No,No,No,No,No,No,No,No,Yes,No,No,No,Yes,No,No,No,No,No,No,
2006093696,46,Montgomery,46224,Whitemarsh Twp,06,District 6-0,46224,WHITEMARSH TWP,2006,09,7,0544,05,Dark unknown roadway lighting,Rain,Wet,Hit fixed object, , ,Mid-block,Not applicable, ,Urban,0,0,1,1,No,No,40 05:04.099,75 15:20.102,0546,0544,  ,4, ,East and West, , ,No Controls, , , , , , , , , ,1,0,0,0,0,0,1,0,0,0,0,0,0,0,0,0,0,0,0,0,0,0,0,1,0,0,0,0,0,0,0,0,0,0,0,0,0,40.0845,-75.2556, ,No,No,Yes,No,Yes,No,No,No,No,No,No,Yes,Yes,No,Yes,No,No,No,No,Yes,No,No,No,No,No,No,No,No,No,Yes,No,No,No,No,No,No,No,No,No,No,No,No,No,No,No,No,No,No,No,No,No,Yes,No,No,No,Yes,Yes,No,No,No,No,No,No,No,No,No,Yes,No,No,No,No,No,Yes,No,No,No,No,No,Yes,No,No,No,No,No,No,No,No,No,No,"(40.0845, -75.2556)"
2004045417,40,Luzerne,40408,Edwardsville Boro,04,District 4-0,40408,EDWARDSVILLE BORO,2004,07,5,1726,17,Daylight,No adverse conditions,Dry,Angle, , ,Mid-block,Not applicable, ,Urban,0,3,4,2,No,No,,,1736,1729,  , ,No, , , ,No Controls, , , , , , , , , ,2,1,0,0,0,0,0,1,0,0,1,0,3,2,0,0,0,1,0,0,0,0,0,1,0,0,0,0,0,0,0,0,0,0,0,3,0,,, ,No,No,Yes,No,No,No,No,No,No,No,No,No,No,No,No,Yes,No,Yes,No,Yes,No,No,No,No,No,No,No,No,No,No,No,No,No,No,No,No,No,No,No,No,No,No,No,No,No,Yes,Yes,No,No,No,No,No,No,No,No,No,No,No,No,No,Yes,No,No,No,No,No,Yes,No,No,No,No,No,No,No,No,No,No,No,Yes,No,No,Yes,No,No,No,No,No,No,No,
2010126748,35,Lackawanna,35415,Throop Boro,04,District 4-0,35415,THROOP BORO,2010,12,5,1500,15,Daylight,No adverse conditions,Dry,Rear-end, , ,T intersection,Stop sign, ,Urban,0,1,4,2,No,No,41 26:34.932,75 36:38.221,0930,0915,  , ,No, , , ,Device Functioning properly, , , , , , , , , ,2,2,0,0,0,0,0,0,0,0,1,0,1,0,0,0,1,1,0,0,0,0,0,2,0,0,0,0,0,0,0,0,0,0,0,3,0,41.4431,-75.6107, ,No,Yes,No,No,No,No,No,No,No,Yes,No,No,No,No,No,Yes,No,Yes,No,No,Yes,No,Yes,Yes,No,No,No,No,No,No,No,No,No,No,No,No,No,No,Yes,No,No,No,No,No,No,No,No,No,No,No,No,No,No,No,No,No,No,No,No,Yes,Yes,No,No,No,No,No,Yes,No,No,No,No,No,No,No,No,No,No,No,No,No,No,Yes,No,No,No,No,No,No,No,"(41.4431, -75.6107)"
2000045323,09,Bucks,09101,Bristol Twp,06,District 6-0,09101,BRISTOL TWP,2000,05,4,1057,10,Daylight,No adverse conditions,Dry,Rear-end, , ,Mid-block,Not applicable, ,Urban,0,2,4,3,No,No,40 07:21.720,74 51:50.040,9999,9999,  , ,No, , , ,No Controls, , , , , , , , , ,3,3,0,0,0,0,0,0,0,0,2,0,2,0,0,0,0,0,1,0,0,0,1,1,0,0,0,0,0,0,0,0,0,0,0,3,0,40.1224,-74.8641, ,No,Yes,No,No,No,No,No,No,No,Yes,No,No,No,No,No,Yes,No,Yes,No,Yes,No,No,No,No,No,No,No,No,No,No,No,No,No,No,No,No,No,No,No,No,No,No,No,No,No,No,No,No,No,No,No,No,No,No,No,No,No,No,No,No,No,Yes,No,No,No,Yes,Yes,No,No,No,No,No,No,No,No,No,No,No,No,No,No,Yes,No,No,No,No,No,No,No,"(40.1224, -74.8641)"
1999055349,32,Indiana,32212,East Wheatfield Twp,10,District 10-0,68A03,PSP - Indiana,1999,05,5,1640,16,Daylight,No adverse conditions,Dry,Head-on, , ,Mid-block,Not applicable, ,Rural,0,1,2,2,No,No,40 26:53.000,78 59:03.436,9999,9999,  , ,No, , , ,No Controls, , , , , , , , , ,2,1,0,0,0,1,0,0,0,0,0,1,1,0,0,0,0,0,0,0,1,0,0,1,0,0,0,0,0,0,0,0,0,0,0,4,1,40.4483,-78.9842, ,No,Yes,No,No,No,No,No,No,No,No,Yes,No,No,No,No,Yes,No,Yes,No,Yes,No,No,No,No,No,No,No,No,No,No,No,No,No,No,No,No,No,Yes,No,No,No,No,No,No,No,No,No,No,No,No,No,Yes,No,No,No,No,No,Yes,No,No,No,No,No,Yes,No,No,Yes,No,Yes,Yes,No,No,No,No,No,No,No,No,Yes,No,No,No,Yes,No,No,No,No,No,No,"(40.4483, -78.9842)"
2017019013,67,Philadelphia,67301,Philadelphia City,06,District 6-0,67301,PHILADELPHIA CITY,2017,01,4,1830,18,Dusk,No adverse conditions,Dry,Hit pedestrian, , ,Mid-block,Not applicable,Not applicable,Urban,0,1,2,2,N, ,39 59:19.716,75 14:27.592,1840,1834,  ,1,2,4, , ,0,Y, , , , , , , , ,1,0,0,0,0,0,1,0,0,0,1,0,1,0,0,0,0,0,0,0,1,0,0,1,0,0,0,0,0,0,0,0,1,0,0,3,0,39.988799999999998,-75.241,  ,No,No,Yes,No,No,No,No,No,No,No,No,No,No,No,No,Yes,No,Yes,No,Yes,No,No,No,No,No,No,No,No,No,No,No,No,No,No,No,No,No,No,No,No,No,No,No,No,No,No,No,No,No,No,No,No,No,No,No,No,No,No,No,No,No,No,No,Yes,No,No,Yes,Yes,No,No,No,No,No,No,No,No,No,No,No,No,No,Yes,No,No,No,No,No,No,No,"(39.9888, -75.241)"