Crash Record Number,County Code,County Name,Municipality Code,Municipality Name,District Code,District Name,Police Agency Code,Police Agency Name,Crash Year,Crash Month,Day of Week,Time of Day,Hour of Day,Illumination,Weather,Road Condition,Collision Type,Work Zone Type,Work Zone Location,Intersection Type,Traffic Control Device,Location Type,Urban / Rural,Fatality Count,Injury Count,Person Count,Total Unit Count,School Bus Indicator,School Zone Indicator,Latitude,Longitude,Arrival Time,Dispatch Time,Construction Zone Speed Limit,Estimated Hours Closed,Lane Closed,Lane Closure Direction,Notify Highway Maintenance,Special Jurisdiction,Traffic Control Device Function,Traffic Detour,Workers Present,Work Zone Close/Detour,Work Zone Flagger,Work Zone Law Officer,Work Zone Closure,Work Zone Moving,Work Zone Other,Work Zone Shoulder/Median,Vehicle Count,Automobile Count,Motorcycle Count,Bus Count,Small Truck Count,Heavy Truck Count,SUV Count,Van Count,Bicycle Count,Suspected Serious Injury Count,Suspected Minor Injury Count,Possible Injury Count,Total Injury Count,Unknown Injury Degree Count,Unknown Injury Person Count,16 Year Old Driver Count,17 Year Old Driver Count,18 Year Old Driver Count,19 Year Old Driver Count,20 Year Old Driver Count,50-64 Year Old Driver Count,65-74 Year Old Driver Count,75 Plus Year Old Driver Count,Unbelted Occupant Count,Unbelted Death Count,Unbelted Suspected Serious Injury Count,Belted Death Count,Belted Suspected Serious Injury Count,Motorcycle Death Count,Motorcycle Suspected Serious Injury Count,Bicycle Death Count,Bicycle Suspected Serious Injury Count,Pedestrian Count,Pedestrian Death Count,Pedestrian Suspected Serious Injury Count,Maximum Severity Level,Commercial Vehicle Count,Latitude (Decimal),Longitude (Decimal),Roadway Surface Type,Interstate,State Road,Local Road Only,Turnpike,Wet Road,Snow Slush Road,Icy Road,Sudden Deer,Shoulder Related,Rear End,Head On / Opposite Direction Side Swipe,Hit Fixed Object,Single Vehicle Run Off Road,Work Zone,Property Damage Only,Injury or Fatal,Fatal or Suspected Serious Injury,Injury,Fatal,Non Intersection,Intersection,Signalized Intersection,Stop Controlled Intersection,Unsignalized Intersection,School Bus,School Zone,Hit Deer,Hit Tree / Shrub,Hit Embankment,Hit Pole,Hit Guide Rail,Hit Guide Rail End,Hit Barrier,Hit Bridge,Overturned,Motorcycle,Bicycle,Heavy Truck Related,Vehicle Failure,Train / Trolley,Phantom Vehicle,Alcohol Related,Drinking Driver,Underage Drinking Driver,Unlicensed,Distracted,Cell Phone,No Clearance,Running Red Light,Tailgating,Cross Median,Curved Road,Curve Driver Error,Limit 65 MPH,Speeding,Speeding Related,Aggressive Driving,Fatigue / Asleep,Driver 16 Years Old,Driver 17 Years Old,Driver 18 Years Old,Driver 19 Years Old,Driver 20 Years Old,Driver 50 - 64 Years Old,Driver 65 - 74 Years Old,Driver 75 Plus,Unbelted,Pedestrian,Commercial Vehicle,PSP Reported,NHTSA Aggressive Driving,Deer Related,Illumination Dark,Running Stop Sign,Train,Trolley,Hit Parked Vehicle,Fire In Vehicle,Vehicle Towed,Hazardous Truck,Suspected Serious Injury,Suspected Minor Injury,Possible Injury,Motorcycle Drinking Driver,Drug Related,Illegal Drug Related,School Bus Unit,Drugged Driver,Impaired Driver,Geographic Location of the Crash
1998109747,16,Clarion,16402,Clarion Boro,10,District 10-0,16402,CLARION BORO,1998,09,6,0835,08,Daylight,Rain,Wet,Angle, , ,Mid-block,Not applicable, ,Urbanized,0,1,4,3,No,No,41 12:27.000,79 22:50.520,9999,9999,  , ,No, , , ,No Controls, , , , , , , , , ,3,3,0,0,0,0,0,0,0,0,0,0,0,0,1,0,0,1,0,0,0,0,0,1,0,0,0,0,0,0,0,0,0,0,0,9,0,41.2075,-79.3806, ,No,Yes,No,No,Yes,No,No,No,No,No,No,No,No,No,No,No,No,No,No,Yes,No,No,No,No,No,No,No,No,No,No,No,No,No,No,No,No,No,No,No,No,No,No,No,No,No,No,No,No,No,No,No,No,No,No,No,No,Yes,No,No,No,Yes,No,No,No,No,No,Yes,No,No,No,No,No,No,No,No,No,No,No,Yes,No,No,No,No,No,No,No,No,No,No,"(41.2075, -79.3806)"
2001015523,55,Somerset,55223,Stony Creek Twp,09,District 9-0,68A06,PSP - Somerset,2001,10,3,0728,07,Daylight,No adverse conditions,Dry,Head-on, , ,T intersection,Not applicable, ,Rural,0,5,5,2,No,Yes,40 00:13.114,78 51:30.884,0801,0728,  , ,No, , , ,No Controls, , , , , , , , , ,2,2,0,0,0,0,0,0,0,0,0,5,5,0,0,1,0,0,0,0,0,0,0,2,0,0,0,0,0,0,0,0,0,0,0,4,0,40.0035,-78.8586, ,No,Yes,No,No,No,No,No,No,No,No,Yes,No,No,No,No,Yes,No,Yes,No,No,Yes,No,No,Yes,No,Yes,No,No,No,No,No,No,No,No,No,No,No,No,No,No,No,No,No,No,No,No,No,No,No,No,No,No,No,No,No,Yes,Yes,No,Yes,No,No,No,No,No,No,No,Yes,No,No,Yes,No,No,No,No,No,No,No,No,Yes,No,No,No,Yes,No,No,No,No,No,No,"(40.0035, -78.8586)"
2004067973,28,Franklin,28406,Waynesboro Boro,08,District 8-0,28406,WAYNESBORO BORO,2003,11,6,1004,10,Daylight,No adverse conditions,Dry,Angle, , ,Mid-block,Not applicable, ,Urbanized,0,3,4,2,No,No,39 45:10.109,77 34:21.712,1007,1004,  ,2,Yes,West, , ,No Controls, , , , , , , , , ,2,1,0,0,1,0,0,0,0,0,0,1,3,2,0,0,0,0,0,0,0,0,1,1,0,0,0,0,0,0,0,0,0,0,0,4,0,39.7528,-77.5727, ,No,Yes,No,No,No,No,No,No,No,No,No,No,No,No,No,Yes,No,Yes,No,Yes,No,No,No,No,No,No,No,No,No,Yes,No,No,No,No,No,No,No,No,No,No,No,No,No,No,No,No,No,Yes,No,No,No,No,No,No,No,No,Yes,No,No,No,No,No,No,No,No,Yes,Yes,No,No,No,No,No,No,No,No,No,No,No,Yes,No,No,No,Yes,No,No,No,No,No,No,"(39.7528, -77.5727)"
2007110406,02,Allegheny,02473,West Mifflin Boro,11,District 11-0,02473,WEST MIFFLIN,2007,09,7,2111,21,Dark street lights,No adverse conditions,Dry,Rear-end, , ,Mid-block,Traffic signal, ,Urban,0,6,7,3,No,No,40 23:07.800,79 51:50.760,2115,2111,  ,2, ,North And South, , ,Device Functioning properly, , , , , , , , , ,3,1,0,0,0,0,2,0,0,0,1,3,6,2,0,0,0,0,0,0,1,0,0,2,0,0,0,0,0,0,0,0,0,0,0,3,0,40.3856,-79.8642, ,No,Yes,No,No,No,No,No,No,No,Yes,No,No,No,No,No,Yes,No,Yes,No,Yes,No,No,No,No,No,No,No,No,No,No,No,No,No,No,No,No,No,No,No,No,No,No,No,No,No,No,No,No,No,No,No,No,No,No,No,No,No,No,No,No,No,No,No,Yes,No,No,Yes,No,No,No,No,No,Yes,No,No,No,No,No,Yes,No,No,Yes,Yes,No,No,No,No,No,No,"(40.3856, -79.8642)"
2011048442,48,Northampton,48217,Williams Twp,05,District 5-0,68M06,PSP - Belfast,2011,05,6,1517,15,Daylight,No adverse conditions,Dry,Non collision, , ,T intersection,Stop sign, ,Rural,0,1,3,1,No,No,40 38:11.756,75 14:51.461,1520,1517,  ,1, ,West, , ,Device Functioning properly, , , , , , , , , ,1,0,0,0,0,1,0,0,0,0,0,0,1,1,0,0,0,0,0,0,0,0,0,3,0,0,0,0,0,0,0,0,0,0,0,8,1,40.6366,-75.2476, ,No,Yes,No,No,No,No,No,No,No,No,No,No,Yes,No,No,Yes,No,Yes,No,No,Yes,No,Yes,Yes,No,No,No,No,No,No,No,No,No,No,No,No,No,Yes,No,No,No,No,No,No,No,No,No,No,No,No,No,No,No,No,No,No,No,No,No,No,No,No,No,No,No,No,Yes,No,Yes,Yes,No,No,No,No,No,No,No,No,No,No,No,No,No,No,No,No,No,No,No,"(40.6366, -75.2476)"
2017105611,09,Bucks,09101,Bristol Twp,06,District 6-0,09101,BRISTOL TWP,2017,10,5,2149,21,Dark – street lights,No adverse conditions,Dry,Angle, , ,Four way intersection,Traffic signal,Not applicable,Urban,0,2,2,2,N,N,40 07:57.499,74 49:48.099,2150,2150,  ,2,2,3,N, ,3,Y, , , , , , , , ,2,2,0,0,0,0,0,0,0,0,1,0,2,1,0,0,0,0,0,0,0,0,0,2,0,0,0,0,0,0,0,0,0,0,0,3,0,40.132599999999996,-74.829999999999998,  ,No,Yes,No,No,No,No,No,No,No,No,No,No,No,No,No,Yes,No,Yes,No,No,Yes,Yes,No,No,No,No,No,No,No,No,No,No,No,No,No,No,No,No,No,No,No,No,No,No,No,No,No,No,Yes,No,No,No,No,No,No,No,Yes,No,No,No,No,No,No,No,No,No,Yes,No,No,No,No,No,Yes,No,No,No,No,No,Yes,No,No,Yes,No,No,No,No,No,No,No,"(40.1326, -74.83)"
2002242498,02,Allegheny,02476,Whitehall Boro,11,District 11-0,02476,WHITEHALL BORO,2002,12,7,1346,13,Daylight,No adverse conditions,Dry,Rear-end, , ,Mid-block,Not applicable, ,Urban,0,2,6,5,No,No,40 20:49.560,79 58:25.680,9999,9999,  , ,No, , , ,No Controls, , , , , , , , , ,5,5,0,0,0,0,0,0,0,0,0,2,2,0,0,0,0,0,1,1,0,0,0,1,0,0,0,0,0,0,0,0,0,0,0,4,0,40.3473,-79.9738, ,No,Yes,No,No,No,No,No,No,No,Yes,No,No,No,No,No,Yes,No,Yes,No,Yes,No,No,No,No,No,No,No,No,No,No,No,No,No,No,No,No,No,No,No,No,No,No,No,No,No,No,No,No,No,Yes,No,No,No,No,No,No,Yes,No,No,No,No,Yes,Yes,No,No,No,Yes,No,No,No,No,No,No,No,No,No,No,No,Yes,No,No,No,Yes,No,No,No,No,No,No,"(40.3473, -79.9738)"
2008005165,67,Philadelphia,67301,Philadelphia City,06,District 6-0,67301,PHILADELPHIA CITY,2007,12,7,1927,19,Dark street lights,No adverse conditions,Dry,Hit pedestrian, , ,T intersection,Traffic signal, ,Urban,0,1,2,2,No,No,39 58:39.000,75 10:58.126,1927,1927,  , ,No, , , ,Device Functioning properly, , , , , , , , , ,1,1,0,0,0,0,0,0,0,0,0,1,1,0,0,0,0,0,0,0,0,0,0,1,0,0,0,0,0,0,0,0,1,0,0,4,0,39.9776,-75.1828, ,No,Yes,No,No,No,No,No,No,No,No,No,No,No,No,No,Yes,No,Yes,No,No,Yes,Yes,No,No,No,No,No,No,No,No,No,No,No,No,No,No,No,No,No,No,No,No,No,No,No,No,No,No,No,No,No,No,No,No,No,No,No,No,No,No,No,No,No,No,No,No,Yes,Yes,No,No,No,No,Yes,No,No,No,No,No,No,No,No,No,Yes,No,No,No,No,No,No,"(39.9776, -75.1828)"
2000065244,39,Lehigh,39301,Allentown City,05,District 5-0,39301,ALLENTOWN CITY,2000,06,4,1411,14,Daylight,No adverse conditions,Dry,Angle, , ,Four way intersection,Stop sign, ,Urban,0,0,2,2,No,No,40 36:27.831,75 28:08.183,9999,9999,  , ,No, , , ,Device Functioning properly, , , , , , , , , ,2,2,0,0,0,0,0,0,0,0,0,0,0,0,0,0,0,0,1,0,0,0,0,2,0,0,0,0,0,0,0,0,0,0,0,0,0,40.6077,-75.4689, ,No,No,Yes,No,No,No,No,No,No,No,No,No,No,No,Yes,No,No,No,No,No,Yes,No,Yes,Yes,No,No,No,No,No,No,No,No,No,No,No,No,No,No,No,No,No,No,No,No,No,No,No,Yes,No,No,No,No,No,No,No,No,Yes,No,No,No,No,Yes,No,No,No,No,Yes,No,No,No,No,No,No,No,No,No,No,No,Yes,No,No,No,No,No,No,No,No,No,No,"(40.6077, -75.4689)"
2016019491,23,Delaware,23109,Tinicum Twp,06,District 6-0,23109,TINICUM TWP,2016,02,6,2137,21,Dark street lights,No adverse conditions,Dry,Hit pedestrian, , ,Mid-block,Not applicable, ,Urban,0,1,2,2,No,No,,,2145,2137,  , ,No, , , ,No Controls, , , , , , , , , ,1,0,0,0,0,0,1,0,0,0,0,0,1,1,0,0,0,0,0,0,0,0,0,1,0,0,0,0,0,0,0,0,1,0,0,8,0,,, ,No,No,Yes,No,No,No,No,No,No,No,No,No,No,No,No,Yes,No,Yes,No,Yes,No,No,No,No,No,No,No,No,No,No,No,No,No,No,No,No,No,No,Yes,No,No,No,No,No,No,No,No,No,No,No,No,No,No,No,No,No,No,No,No,No,No,No,No,No,No,No,Yes,Yes,No,No,No,No,Yes,No,No,No,No,No,No,No,No,No,No,No,No,No,No,No,No,
2013120765,11,Cambria,11301,Johnstown City,09,District 9-0,11301,JOHNSTOWN CITY,2013,11,7,0328,03,Dark street lights,No adverse conditions,Dry,Rear-end, , ,Mid-block,Not applicable, ,Urban,0,0,1,2,No,No,40 19:56.130,78 54:17.364,0333,0328,  ,2,Yes,East, , ,No Controls, , , , , , , , , ,2,0,0,0,1,0,1,0,0,0,0,0,0,0,0,0,0,0,0,0,0,0,0,1,0,0,0,0,0,0,0,0,0,0,0,0,0,40.3323,-78.9048, ,No,Yes,No,No,No,No,No,No,No,Yes,No,No,No,No,Yes,No,No,No,No,Yes,No,No,No,No,No,No,No,No,No,No,No,No,No,No,No,No,No,No,No,No,No,No,No,No,No,No,No,No,No,No,No,No,No,No,No,No,No,Yes,No,No,No,No,No,No,No,No,Yes,No,No,No,No,No,Yes,No,No,No,Yes,No,Yes,No,No,No,No,No,No,No,No,No,No,"(40.3323, -78.9048)"
2004059053,67,Philadelphia,67301,Philadelphia City,06,District 6-0,67301,PHILADELPHIA CITY,2003,12,1,1409,14,Daylight,No adverse conditions,Dry,Angle, , ,Four way intersection,Traffic signal, ,Urban,0,3,4,2,No,No,39 59:44.977,75 05:31.850,1420,1415,  , ,No, , , ,Device Functioning properly, , , , , , , , , ,2,2,0,0,0,0,0,0,0,0,0,3,3,0,1,0,0,0,0,0,1,0,0,2,0,0,0,0,0,0,0,0,0,0,0,4,0,39.9959,-75.0921, ,No,Yes,No,No,No,No,No,No,No,No,No,No,No,No,No,Yes,No,Yes,No,No,Yes,Yes,No,No,No,No,No,No,No,No,No,No,No,No,No,No,No,No,No,No,No,No,No,No,No,No,No,No,No,No,No,No,No,No,No,No,Yes,No,No,No,No,No,No,Yes,No,No,Yes,No,No,No,No,No,No,No,No,No,No,No,No,No,No,No,Yes,No,No,No,No,No,No,"(39.9959, -75.0921)"
1999080868,67,Philadelphia,67301,Philadelphia City,06,District 6-0,67301,PHILADELPHIA CITY,1999,07,4,1742,17,Daylight,No adverse conditions,Dry,Rear-end, , ,T intersection,Stop sign, ,Urban,0,2,3,2,No,No,,,9999,9999,  , ,No, , , ,Device Functioning properly, , , , , , , , , ,2,1,0,0,1,0,0,0,0,0,0,2,2,0,0,0,0,0,0,0,0,0,0,2,0,0,0,0,0,0,0,0,0,0,0,4,0,,, ,No,No,Yes,No,No,No,No,No,No,Yes,No,No,No,No,No,Yes,No,Yes,No,No,Yes,No,Yes,Yes,No,No,No,No,No,No,No,No,No,No,No,No,No,No,No,No,No,No,No,No,No,No,No,No,No,Yes,No,No,No,No,No,No,Yes,No,No,No,No,No,No,No,No,No,Yes,No,No,No,No,No,No,No,No,No,No,No,Yes,No,No,No,Yes,No,No,No,No,No,No,
2009018443,49,Northumberland,49101,Coal Twp,03,District 3-0,49101,COAL TWP,2009,02,3,1914,19,Dark no street lights,No adverse conditions,Wet,Hit fixed object, , ,Mid-block,Not applicable, ,Rural,0,4,4,1,No,No,40 45:51.798,76 32:38.326,1919,1914,  ,1,Yes,North And South, , ,No Controls, , , , , , , , , ,1,1,0,0,0,0,0,0,0,1,0,3,4,0,0,1,0,0,0,0,0,0,0,4,0,1,0,0,0,0,0,0,0,0,0,2,0,40.7644,-76.544, ,No,Yes,No,No,Yes,No,No,No,No,No,No,Yes,Yes,No,No,Yes,Yes,Yes,No,Yes,No,No,No,No,No,No,No,No,No,Yes,No,No,No,No,No,No,No,No,No,No,No,No,No,No,No,No,No,No,No,No,No,No,No,No,No,No,No,No,Yes,No,No,No,No,No,No,No,Yes,No,No,No,No,No,Yes,No,No,No,No,No,Yes,No,Yes,No,Yes,No,No,No,No,No,No,"(40.7644, -76.544)"
1998130214,09,Bucks,09213,Middletown Twp,06,District 6-0,09213,MIDDLETOWN TWP,1998,10,6,1700,17,Daylight,No adverse conditions,Dry,Angle, , ,Mid-block,Not applicable, ,Urban,0,2,4,2,No,No,40 10:34.680,74 53:03.840,9999,9999,  , ,No, , , ,No Controls, , , , , , , , , ,2,2,0,0,0,0,0,0,0,0,0,1,1,0,1,0,0,0,0,1,0,0,0,1,0,0,0,0,0,0,0,0,0,0,0,4,0,40.1763,-74.8846, ,No,Yes,No,No,No,No,No,No,No,No,No,No,No,No,No,Yes,No,Yes,No,Yes,No,No,No,No,No,No,No,No,No,No,No,No,No,No,No,No,No,No,No,No,No,No,No,No,No,Yes,No,No,Yes,No,No,No,No,No,No,No,Yes,No,No,No,No,No,Yes,No,No,No,Yes,No,No,No,No,No,No,No,No,No,No,No,Yes,No,No,No,Yes,No,No,No,No,No,No,"(40.1763, -74.8846)"
2010084462,02,Allegheny,02113,Penn Hills Twp,11,District 11-0,02113,PENN HILLS,2010,09,6,1512,15,Daylight,No adverse conditions,Dry,Hit fixed object, , ,Mid-block,Not applicable, ,Urban,1,2,3,3,Yes,No,40 27:49.509,79 48:21.770,1513,1512,  ,3, ,North And South, ,No Special Jurisdiction,No Controls, , , , , , , , , ,2,1,0,1,0,0,0,0,0,1,0,1,2,0,0,0,0,0,0,1,1,0,0,2,1,1,0,0,0,0,0,0,0,0,0,1,1,40.4638,-79.806,Blacktop,No,Yes,No,No,No,No,No,No,No,No,No,Yes,Yes,No,No,Yes,Yes,Yes,Yes,Yes,No,No,No,No,Yes,No,No,No,Yes,Yes,No,No,No,No,No,No,No,No,No,No,Yes,No,No,No,No,No,No,No,No,No,No,No,No,No,Yes,Yes,Yes,No,No,No,No,No,Yes,Yes,No,No,Yes,No,Yes,No,Yes,No,No,No,No,No,No,No,Yes,No,Yes,No,Yes,No,No,No,Yes,No,No,"(40.4638, -79.806)"
1997073256,10,Butler,10101,Butler Twp,10,District 10-0,10101,BUTLER TWP,1997,07,5,1609,16,Daylight,No adverse conditions,Dry,Angle, , ,Four way intersection,Stop sign, ,Urbanized,0,1,3,3,No,No,40 49:57.000,79 55:23.160,9999,9999,  , ,No, , , ,Device Functioning properly, , , , , , , , , ,3,3,0,0,0,0,0,0,0,0,0,1,1,0,0,0,0,0,1,0,1,0,0,1,0,0,0,0,0,0,0,0,0,0,0,4,0,40.8325,-79.9231, ,No,Yes,No,No,No,No,No,No,No,No,No,No,No,No,No,Yes,No,Yes,No,No,Yes,No,Yes,Yes,No,No,No,No,No,No,No,No,No,No,No,No,No,No,No,No,No,No,No,No,No,No,No,No,No,No,No,No,No,No,No,No,Yes,No,No,No,No,Yes,No,Yes,No,No,Yes,No,No,No,No,No,No,No,No,No,No,No,Yes,No,No,No,Yes,No,No,No,No,No,No,"(40.8325, -79.9231)"
2010041354,32,Indiana,32208,Center Twp,10,District 10-0,68A03,PSP - Indiana,2010,04,6,1916,19,Dusk,No adverse conditions,Dry,Hit fixed object, , ,Mid-block,Not applicable, ,Rural,0,1,4,1,No,No,40 30:10.232,79 10:10.343,1924,1917,  ,3,Yes,South, , ,No Controls, , , , , , , , , ,1,0,0,0,0,0,0,1,0,0,0,1,1,0,2,0,0,0,0,0,0,0,0,3,0,0,0,0,0,0,0,0,0,0,0,4,0,40.5028,-79.1695, ,No,Yes,No,No,No,No,No,No,No,No,No,Yes,Yes,No,No,Yes,No,Yes,No,Yes,No,No,No,No,No,No,No,No,No,Yes,No,No,No,No,No,No,No,No,No,No,No,Yes,Yes,No,No,No,No,No,No,No,No,No,No,No,No,No,No,No,No,No,No,No,No,No,No,No,Yes,No,No,Yes,No,No,No,No,No,No,No,No,Yes,No,No,No,Yes,No,Yes,No,No,Yes,Yes,"(40.5028, -79.1695)"
1998400432,24,Elk,24207,Jones Twp,02,District 2-0,68C06,PSP - Ridgway,1998,06,1,0100,01,Dark no street lights,No adverse conditions,Dry,Hit fixed object, , ,Mid-block,Not applicable, ,Rural,1,2,5,1,No,No,41 34:44.400,78 40:54.840,9999,9999,  , ,No, , ,Unknown,No Controls, , , , , , , , , ,1,1,0,0,0,0,0,0,0,0,0,2,2,0,0,0,0,1,0,0,0,0,0,5,1,0,0,0,0,0,0,0,0,0,0,1,0,41.579,-78.6819,Blacktop,No,Yes,No,No,No,No,No,No,No,No,No,Yes,Yes,No,No,Yes,Yes,Yes,Yes,Yes,No,No,No,No,No,No,No,Yes,Yes,No,No,No,No,No,Yes,No,No,No,No,No,No,Yes,Yes,Yes,No,No,No,No,No,No,No,No,No,No,Yes,Yes,Yes,No,No,No,Yes,No,No,No,No,No,Yes,No,No,Yes,No,No,Yes,No,No,No,No,No,Yes,No,No,No,Yes,No,No,No,No,No,Yes,"(41.579, -78.6819)"
1998062104,23,Delaware,23111,Upper Darby Twp,06,District 6-0,23111,UPPER DARBY TWP,1998,05,2,1607,16,Daylight,No adverse conditions,Dry,Non collision, , ,T intersection,Unknown, ,Urban,0,1,2,1,No,No,39 57:37.800,75 18:44.280,9999,9999,  , ,No, , , ,Unknown, , , , , , , , , ,1,0,0,0,1,0,0,0,0,0,1,0,1,0,0,0,0,0,0,0,0,0,0,1,0,0,0,0,0,0,0,0,0,0,0,3,0,39.9605,-75.3123, ,No,Yes,No,No,No,No,No,No,No,No,No,No,Yes,No,No,Yes,No,Yes,No,No,Yes,No,No,Yes,No,No,No,No,No,No,No,No,No,No,No,No,No,No,No,No,No,No,No,No,No,No,No,No,No,No,No,No,No,No,No,No,No,No,No,No,No,No,No,No,No,No,Yes,No,No,No,No,No,No,No,No,No,No,No,No,No,No,Yes,No,No,No,No,No,No,No,"(39.9605, -75.3123)"
2006073612,04,Beaver,04419,Industry Boro,11,District 11-0,04419, ,2006,06,5,2230,22,Dark no street lights,Rain,Wet,Hit fixed object, , ,Mid-block,Not applicable, ,Rural,0,0,1,1,No,No,40 39:26.000,80 26:05.221,2237,2232,  , ,No, , , ,No Controls, , , , , , , , , ,1,0,0,0,1,0,0,0,0,0,0,0,0,0,0,0,0,0,0,0,0,0,0,1,0,0,0,0,0,0,0,0,0,0,0,0,0,40.6573,-80.4347, ,No,Yes,No,No,Yes,No,No,No,No,No,No,Yes,Yes,No,Yes,No,No,No,No,Yes,No,No,No,No,No,No,No,No,Yes,No,No,No,No,No,No,No,No,No,No,No,No,Yes,Yes,No,No,No,No,No,No,No,No,Yes,Yes,No,No,No,No,No,No,No,No,No,No,No,No,No,Yes,No,No,No,No,No,Yes,No,No,No,No,No,Yes,No,No,No,No,No,No,No,No,No,Yes,"(40.6573, -80.4347)"
2008064759,40,Luzerne,40428,West Hazleton Boro,04,District 4-0,68N01,PSP - Hazleton,2008,05,3,0735,07,Daylight,No adverse conditions,Dry,Hit fixed object, , ,Mid-block,Not applicable, ,Urbanized,0,1,1,1,No,No,40 58:08.589,76 01:48.098,0744,0737,  , ,No, , , ,No Controls, , , , , , , , , ,1,1,0,0,0,0,0,0,0,1,0,0,1,0,0,0,0,0,0,0,1,0,0,1,0,1,0,0,0,0,0,0,0,0,0,2,0,40.9691,-76.0301, ,Yes,Yes,No,No,No,No,No,No,No,No,No,Yes,Yes,No,No,Yes,Yes,Yes,No,Yes,No,No,No,No,No,No,No,No,Yes,No,No,No,No,No,No,No,No,No,No,No,No,No,No,No,No,No,No,No,No,No,No,No,No,Yes,No,No,No,No,No,No,No,No,No,Yes,No,No,Yes,No,No,Yes,No,No,No,No,No,No,No,Yes,Yes,No,Yes,No,No,No,No,No,No,No,No,"(40.9691, -76.0301)"
2010027622,09,Bucks,09202,Bensalem Twp,06,District 6-0,68T07,PSP - King of Prussia,2010,03,2,2226,22,Dark street lights,Rain,Wet,Angle, , ,Mid-block,Not applicable, ,Urban,0,0,9,2,No,No,40 08:00.116,74 58:12.060,2254,2232,  , ,No, , , ,No Controls, , , , , , , , , ,2,0,0,0,0,0,1,1,0,0,0,0,0,0,0,0,0,0,0,0,0,0,0,1,0,0,0,0,0,0,0,0,0,0,0,0,0,40.1326,-74.9738, ,No,No,No,Yes,Yes,No,No,No,No,No,No,No,No,No,Yes,No,No,No,No,Yes,No,No,No,No,No,No,No,No,No,No,No,No,No,No,No,No,No,No,No,No,No,No,No,No,No,No,No,No,No,No,No,No,No,No,No,No,Yes,No,No,No,No,No,No,No,No,No,Yes,No,No,Yes,No,No,Yes,No,No,No,No,No,Yes,No,No,No,No,No,No,No,No,No,No,"(40.1326, -74.9738)"
2001214710,64,Westmoreland,64424,Scottdale Boro,12,District 12-0,64424,SCOTTDALE BORO,2001,02,5,2103,21,Dark street lights,Rain,Wet,Hit fixed object, , ,Four way intersection,Stop sign, ,Urbanized,0,1,1,1,No,No,40 06:18.360,79 35:05.640,9999,9999,  , ,No, , , ,Device Functioning properly, , , , , , , , , ,1,1,0,0,0,0,0,0,0,0,0,0,0,0,1,0,0,0,0,0,0,0,0,1,0,0,0,0,0,0,0,0,0,0,0,9,0,40.1051,-79.5849, ,No,Yes,No,No,Yes,No,No,No,No,No,No,Yes,Yes,No,No,No,No,No,No,No,Yes,No,Yes,Yes,No,No,No,No,No,Yes,No,No,No,No,No,No,No,No,No,No,No,Yes,Yes,No,No,No,No,No,No,No,Yes,No,No,No,No,No,No,No,No,No,No,No,No,No,No,No,Yes,No,No,No,No,No,Yes,No,No,No,No,No,Yes,No,No,No,No,No,No,No,No,No,Yes,"(40.1051, -79.5849)"
2011028997,67,Philadelphia,67301,Philadelphia City,06,District 6-0,67301,PHILADELPHIA CITY,2011,02,4,0937,09,Daylight,No adverse conditions,Ice,Rear-end, , ,Mid-block,Not applicable, ,Urban,0,1,2,2,No,No,39 55:24.150,75 14:40.940,1115,1112,  , ,No, , , ,No Controls, , , , , , , , , ,2,2,0,0,0,0,0,0,0,0,0,0,1,1,0,0,0,0,0,0,0,0,0,2,0,0,0,0,0,0,0,0,0,0,0,8,0,39.9234,-75.2447, ,No,No,Yes,No,No,No,Yes,No,No,Yes,No,No,No,No,No,Yes,No,Yes,No,Yes,No,No,No,No,No,No,No,No,No,No,No,No,No,No,No,No,No,No,No,No,No,No,No,No,No,No,No,No,No,Yes,No,No,No,No,No,No,Yes,No,No,No,No,No,No,No,No,No,Yes,No,No,No,No,No,No,No,No,No,No,No,No,No,No,No,No,No,No,No,No,No,No,"(39.9234, -75.2447)"
2017127523,67,Philadelphia,67301,Philadelphia City,06,District 6-0,67301,PHILADELPHIA CITY,2017,11,2,1100,11,Daylight,No adverse conditions,Dry,Sideswipe (Opposite dir.), , ,Mid-block,Not applicable,Not applicable,Urban,0,1,2,2,N,N,39 59:12.200,75 08:06.400,1105,1105,  , ,0, ,N, ,0, , , , , , , , , ,1,0,0,0,0,1,0,0,1,0,0,1,1,0,0,0,0,0,0,0,0,0,0,1,0,0,0,0,0,0,0,0,0,0,0,4,1,39.986699999999999,-75.135099999999994,  ,No,No,Yes,No,No,No,No,No,No,No,Yes,No,No,No,No,Yes,No,Yes,No,Yes,No,No,No,No,No,No,No,No,No,No,No,No,No,No,No,No,Yes,Yes,No,No,No,No,No,No,No,No,No,No,No,No,No,No,No,No,No,No,No,No,No,No,No,No,No,No,No,No,Yes,No,Yes,No,No,No,No,No,No,No,No,No,No,No,No,No,Yes,No,No,No,No,No,No,"(39.9867, -75.1351)"