Crash Record Number,County Code,County Name,Municipality Code,Municipality Name,District Code,District Name,Police Agency Code,Police Agency Name,Crash Year,Crash Month,Day of Week,Time of Day,Hour of Day,Illumination,Weather,Road Condition,Collision Type,Work Zone Type,Work Zone Location,Intersection Type,Traffic Control Device,Location Type,Urban / Rural,Fatality Count,Injury Count,Person Count,Total Unit Count,School Bus Indicator,School Zone Indicator,Latitude,Longitude,Arrival Time,Dispatch Time,Construction Zone Speed Limit,Estimated Hours Closed,Lane Closed,Lane Closure Direction,Notify Highway Maintenance,Special Jurisdiction,Traffic Control Device Function,Traffic Detour,Workers Present,Work Zone Close/Detour,Work Zone Flagger,Work Zone Law Officer,Work Zone Closure,Work Zone Moving,Work Zone Other,Work Zone Shoulder/Median,Vehicle Count,Automobile Count,Motorcycle Count,Bus Count,Small Truck Count,Heavy Truck Count,SUV Count,Van Count,Bicycle Count,Suspected Serious Injury Count,Suspected Minor Injury Count,Possible Injury Count,Total Injury Count,Unknown Injury Degree Count,Unknown Injury Person Count,16 Year Old Driver Count,17 Year Old Driver Count,18 Year Old Driver Count,19 Year Old Driver Count,20 Year Old Driver Count,50-64 Year Old Driver Count,65-74 Year Old Driver Count,75 Plus Year Old Driver Count,Unbelted Occupant Count,Unbelted Death Count,Unbelted Suspected Serious Injury Count,Belted Death Count,Belted Suspected Serious Injury Count,Motorcycle Death Count,Motorcycle Suspected Serious Injury Count,Bicycle Death Count,Bicycle Suspected Serious Injury Count,Pedestrian Count,Pedestrian Death Count,Pedestrian Suspected Serious Injury Count,Maximum Severity Level,Commercial Vehicle Count,Latitude (Decimal),Longitude (Decimal),Roadway Surface Type,Interstate,State Road,Local Road Only,Turnpike,Wet Road,Snow Slush Road,Icy Road,Sudden Deer,Shoulder Related,Rear End,Head On / Opposite Direction Side Swipe,Hit Fixed Object,Single Vehicle Run Off Road,Work Zone,Property Damage Only,Injury or Fatal,Fatal or Suspected Serious Injury,Injury,Fatal,Non Intersection,Intersection,Signalized Intersection,Stop Controlled Intersection,Unsignalized Intersection,School Bus,School Zone,Hit Deer,Hit Tree / Shrub,Hit Embankment,Hit Pole,Hit Guide Rail,Hit Guide Rail End,Hit Barrier,Hit Bridge,Overturned,Motorcycle,Bicycle,Heavy Truck Related,Vehicle Failure,Train / Trolley,Phantom Vehicle,Alcohol Related,Drinking Driver,Underage Drinking Driver,Unlicensed,Distracted,Cell Phone,No Clearance,Running Red Light,Tailgating,Cross Median,Curved Road,Curve Driver Error,Limit 65 MPH,Speeding,Speeding Related,Aggressive Driving,Fatigue / Asleep,Driver 16 Years Old,Driver 17 Years Old,Driver 18 Years Old,Driver 19 Years Old,Driver 20 Years Old,Driver 50 - 64 Years Old,Driver 65 - 74 Years Old,Driver 75 Plus,Unbelted,Pedestrian,Commercial Vehicle,PSP Reported,NHTSA Aggressive Driving,Deer Related,Illumination Dark,Running Stop Sign,Train,Trolley,Hit Parked Vehicle,Fire In Vehicle,Vehicle Towed,Hazardous Truck,Suspected Serious Injury,Suspected Minor Injury,Possible Injury,Motorcycle Drinking Driver,Drug Related,Illegal Drug Related,School Bus Unit,Drugged Driver,Impaired Driver,Geographic Location of the Crash
2016015451,32,Indiana,32206,Burrell Twp,10,District 10-0,68A03,PSP - Indiana,2016,02,7,1430,14,Daylight,No adverse conditions,Dry,Angle, , ,Four way intersection,Traffic signal, ,Rural,0,1,4,3,No,No,40 26:37.413,79 13:45.099,1445,1431,  ,2,Yes,East, , ,Device Functioning properly, , , , , , , , , ,3,2,0,0,1,0,0,0,0,0,1,0,1,0,0,0,0,0,0,0,3,0,0,2,0,0,0,0,0,0,0,0,0,0,0,3,0,40.4437,-79.2292, ,No,Yes,No,No,No,No,No,No,No,No,No,No,No,No,No,Yes,No,Yes,No,No,Yes,Yes,No,No,No,No,No,No,No,No,No,No,No,No,No,No,No,No,No,No,No,No,No,No,No,No,No,No,Yes,No,No,No,No,No,No,No,Yes,No,No,No,No,No,No,Yes,No,No,Yes,No,No,Yes,No,No,No,No,No,No,No,No,Yes,No,No,Yes,No,No,No,No,No,No,No,"(40.4437, -79.2292)"
2000060198,14,Centre,14215,Miles Twp,02,District 2-0,68G07,PSP - Rockview,2000,04,7,1135,11,Daylight,Rain,Wet,Angle, , ,T intersection,Stop sign, ,Rural,0,1,5,2,No,No,40 55:59.160,77 28:55.200,9999,9999,  , ,No, , , ,Device Functioning properly, , , , , , , , , ,2,2,0,0,0,0,0,0,0,0,0,1,1,0,0,0,0,0,0,0,0,1,0,2,0,0,0,0,0,0,0,0,0,0,0,4,0,40.9331,-77.482, ,No,Yes,No,No,Yes,No,No,No,No,No,No,No,No,No,No,Yes,No,Yes,No,No,Yes,No,Yes,Yes,No,No,No,No,No,No,No,No,No,No,No,No,No,No,No,No,No,No,No,No,No,No,No,Yes,No,No,No,No,No,No,No,No,Yes,No,No,No,No,No,No,No,Yes,No,Yes,No,No,Yes,No,No,No,No,No,No,No,No,Yes,No,No,No,Yes,No,No,No,No,No,No,"(40.9331, -77.482)"
2017060943,64,Westmoreland,64215,Sewickley Twp,12,District 12-0,68A01,PSP - Greensburg,2017,04,7,2119,21,Dark – no street lights,No adverse conditions,Dry,Hit fixed object, , ,“T” intersection,Not applicable,Not applicable,Rural,0,1,1,1,N,N,40 14:29.314,79 41:06.615,2141,2123,  , ,0, , , ,0, , , , , , , , , ,1,0,0,0,0,0,1,0,0,0,0,0,1,1,0,0,0,0,0,0,0,0,0,1,0,0,0,0,0,0,0,0,0,0,0,8,0,40.241500000000002,-79.685199999999995,  ,No,Yes,No,No,No,No,No,No,No,No,No,Yes,Yes,No,No,Yes,No,Yes,No,No,Yes,No,No,Yes,No,No,No,Yes,No,No,No,No,No,No,No,No,No,No,No,No,No,Yes,Yes,No,No,No,No,No,No,No,No,Yes,No,No,No,No,No,No,No,No,No,No,No,No,No,No,Yes,No,No,Yes,No,No,Yes,No,No,No,No,No,Yes,No,No,No,No,No,Yes,No,No,Yes,Yes,"(40.2415, -79.6852)"
2007027604,67,Philadelphia,67301,Philadelphia City,06,District 6-0,67301,PHILADELPHIA CITY,2007,01,1,1506,15,Daylight,No adverse conditions,Dry,Hit pedestrian, , ,Four way intersection,Traffic signal, ,Urban,0,1,2,2,No,No,39 58:51.000,75 14:47.556,1515,1508,  , ,No, , , ,Device Functioning properly, , , , , , , , , ,1,1,0,0,0,0,0,0,0,0,1,0,1,0,0,0,0,0,0,0,0,0,0,1,0,0,0,0,0,0,0,0,1,0,0,3,0,39.9809,-75.2465, ,No,Yes,No,No,No,No,No,No,No,No,No,No,No,No,No,Yes,No,Yes,No,No,Yes,Yes,No,No,No,No,No,No,No,No,No,No,No,No,No,No,No,No,No,No,No,No,No,No,No,No,No,No,No,No,No,No,No,No,No,No,No,No,No,No,No,No,No,No,No,No,Yes,Yes,No,No,No,No,No,No,No,No,No,No,No,No,No,Yes,No,No,No,No,No,No,No,"(39.9809, -75.2465)"
2008113397,21,Cumberland,21212,Silver Spring Twp,08,District 8-0,21212,SILVER SPRINGS TWP,2008,10,1,1125,11,Daylight,No adverse conditions,Dry,Angle, , ,Mid-block,Not applicable, ,Rural,0,2,4,2,No,No,40 13:25.025,77 01:13.387,1130,1126,  , ,No, , , ,No Controls, , , , , , , , , ,2,1,0,0,1,0,0,0,0,0,0,2,2,0,0,0,0,0,0,0,0,0,0,1,0,0,0,0,0,0,0,0,0,0,0,4,0,40.2237,-77.0206, ,No,Yes,No,No,No,No,No,No,No,No,No,No,No,No,No,Yes,No,Yes,No,Yes,No,No,No,No,No,No,No,No,No,No,No,No,No,No,No,No,No,No,No,No,No,No,No,No,No,No,No,No,No,No,No,No,No,No,No,No,Yes,No,No,No,No,No,No,No,No,No,Yes,No,No,No,No,No,No,No,No,No,No,No,Yes,No,No,No,Yes,No,No,No,No,No,No,"(40.2237, -77.0206)"
2002051255,25,Erie,25302,Erie City,01,District 1-0,25302,ERIE CITY,2002,02,5,0317,03,Dark street lights,No adverse conditions,Dry,Rear-end, , ,Mid-block,Not applicable, ,Urban,0,2,4,2,No,No,42 05:54.346,80 03:37.177,0320,0317,  ,1, ,North, , ,No Controls, , , , , , , , , ,2,1,0,0,0,1,0,0,0,0,2,0,2,0,0,0,0,0,0,0,1,0,0,2,0,0,0,0,0,0,0,0,0,0,0,3,1,42.0984,-80.0603, ,No,No,Yes,No,No,No,No,No,No,Yes,No,No,No,No,No,Yes,No,Yes,No,Yes,No,No,No,No,No,No,No,No,No,Yes,No,No,No,No,No,No,No,Yes,No,No,No,Yes,Yes,No,No,No,No,No,No,No,No,No,No,No,Yes,Yes,Yes,No,No,No,No,No,No,Yes,No,No,Yes,No,Yes,No,No,No,Yes,No,No,No,No,No,Yes,No,No,Yes,No,No,No,No,No,No,Yes,"(42.0984, -80.0603)"
2008137554,15,Chester,15254,West Whiteland Twp,06,District 6-0,15254,WEST WHITELAND TWP,2008,12,2,1445,14,Daylight,No adverse conditions,Dry,Hit fixed object, , ,Mid-block,Stop sign, ,Urban,0,1,1,1,No,No,40 01:06.733,75 37:19.344,1445,1445,  ,1, ,North And South, , ,Device Functioning properly, , , , , , , , , ,1,1,0,0,0,0,0,0,0,0,0,1,1,0,0,0,0,0,0,1,0,0,0,1,0,0,0,0,0,0,0,0,0,0,0,4,0,40.0185,-75.622, ,No,No,Yes,No,No,No,No,No,No,No,No,Yes,Yes,No,No,Yes,No,Yes,No,Yes,No,No,No,No,No,No,No,No,No,No,No,No,No,No,No,No,No,No,No,No,No,No,No,No,No,Yes,No,No,No,No,No,No,No,No,No,No,No,No,No,No,No,No,Yes,No,No,No,Yes,No,No,No,No,No,No,No,No,No,No,No,Yes,No,No,No,Yes,No,No,No,No,No,No,"(40.0185, -75.622)"
2004042467,36,Lancaster,36201,Bart Twp,08,District 8-0,68J01,PSP - Lancaster,2003,11,7,1346,13,Daylight,No adverse conditions,Dry,Angle, , ,Mid-block,Not applicable, ,Rural,0,2,8,2,No,No,39 53:44.012,76 01:10.955,1359,1347,  ,2, ,East and West, , ,No Controls, , , , , , , , , ,2,1,0,0,0,0,0,1,0,0,1,0,2,1,0,0,0,0,0,0,1,0,0,4,0,0,0,0,0,0,0,0,0,0,0,3,0,39.8955,-76.0197, ,No,Yes,No,No,No,No,No,No,No,No,No,No,No,No,No,Yes,No,Yes,No,Yes,No,No,No,No,No,No,No,No,No,No,No,No,No,No,No,No,No,No,No,No,No,No,No,No,No,No,No,No,No,No,No,No,No,No,No,No,Yes,No,No,No,No,No,No,Yes,No,No,Yes,No,No,Yes,No,No,No,No,No,No,No,No,Yes,No,No,Yes,No,No,No,No,No,No,No,"(39.8955, -76.0197)"
2000142280,67,Philadelphia,67301,Philadelphia City,06,District 6-0,67301,PHILADELPHIA CITY,2000,12,6,0813,08,Daylight,No adverse conditions,Dry,Angle, , ,Four way intersection,Flashing traffic signal, ,Urban,0,2,3,2,No,No,,,9999,9999,  , ,No, , , ,Device Functioning properly, , , , , , , , , ,2,1,0,0,0,0,0,1,0,0,0,2,2,0,0,0,0,0,1,0,0,0,0,1,0,0,0,0,0,0,0,0,0,0,0,4,0,,, ,No,No,Yes,No,No,No,No,No,No,No,No,No,No,No,No,Yes,No,Yes,No,No,Yes,Yes,No,No,No,No,No,No,No,No,No,No,No,No,No,No,No,No,No,No,No,No,No,No,No,No,No,No,No,No,No,No,No,No,No,No,Yes,No,No,No,No,Yes,No,No,No,No,Yes,No,No,No,No,No,No,No,No,No,No,No,No,No,No,No,Yes,No,No,No,No,No,No,
2014080776,15,Chester,15256,Willistown Twp,06,District 6-0,15256,WILLISTOWN TWP,2014,08,3,1510,15,Daylight,No adverse conditions,Dry,Angle, , ,T intersection,Stop sign, ,Rural,0,3,5,2,Yes,No,40 02:07.132,75 28:51.035,1520,1514,  ,2,Yes,North, , ,Device Functioning properly, , , , , , , , , ,2,0,0,0,1,0,0,1,0,0,0,0,3,3,0,0,0,0,0,0,0,0,1,2,0,0,0,0,0,0,0,0,0,0,0,8,0,40.0353,-75.4808, ,No,Yes,No,No,No,No,No,No,No,No,No,No,No,No,No,Yes,No,Yes,No,No,Yes,No,Yes,Yes,Yes,No,No,No,No,No,No,No,No,No,No,No,No,No,No,No,No,No,No,No,No,No,No,Yes,No,No,No,No,No,No,No,No,Yes,No,No,No,No,No,No,No,No,Yes,Yes,No,No,No,No,No,No,No,No,No,No,No,Yes,No,No,No,No,No,No,No,No,No,No,"(40.0353, -75.4808)"
2014113391,67,Philadelphia,67301,Philadelphia City,06,District 6-0,67301,PHILADELPHIA CITY,2014,10,3,1655,16,Daylight,No adverse conditions,Dry,Angle, , ,Four way intersection,Traffic signal, ,Urban,0,1,2,2,No, ,39 56:26.991,75 10:21.593,1700,1658,  , ,No, , , ,Device Functioning properly, , , , , , , , , ,2,1,0,0,0,0,1,0,0,0,0,1,1,0,0,0,0,0,0,0,1,0,0,1,0,0,0,0,0,0,0,0,0,0,0,4,0,39.9408,-75.1727, ,No,No,Yes,No,No,No,No,No,No,No,No,No,No,No,No,Yes,No,Yes,No,No,Yes,Yes,No,No,No,No,No,No,No,No,No,No,No,No,No,No,No,No,No,No,No,No,No,No,No,No,No,No,Yes,No,No,No,No,No,No,No,Yes,No,No,No,No,No,No,Yes,No,No,Yes,No,No,No,No,No,No,No,No,No,No,No,No,No,No,No,Yes,No,No,No,No,No,No,"(39.9408, -75.1727)"
2008080034,15,Chester,15212,East Pikeland Twp,06,District 6-0,15212,EAST PIKELAND TWP,2008,07,2,1316,13,Daylight,Rain,Wet,Head-on, , ,Mid-block,Not applicable, ,Urban,0,0,2,2,No,No,40 07:57.956,75 34:31.841,1319,1317,  , ,No, , , ,No Controls, , , , , , , , , ,2,2,0,0,0,0,0,0,0,0,0,0,0,0,0,0,0,0,0,1,0,0,0,1,0,0,0,0,0,0,0,0,0,0,0,0,0,40.1328,-75.5755, ,No,Yes,No,No,Yes,No,No,No,No,No,Yes,No,No,No,Yes,No,No,No,No,Yes,No,No,No,No,No,No,No,No,No,No,No,No,No,No,No,No,No,No,No,No,No,No,No,No,No,No,No,No,No,No,No,Yes,No,No,No,Yes,Yes,No,No,No,No,No,Yes,No,No,No,Yes,No,No,No,No,No,No,No,No,No,No,No,Yes,No,No,No,No,No,No,No,No,No,No,"(40.1328, -75.5755)"
2003075893,14,Centre,14218,Potter Twp,02,District 2-0,68G07,PSP - Rockview,2003,02,2,1430,14,Daylight,Snow,Snow covered,Head-on, , ,Mid-block,Not applicable, ,Rural,0,3,3,2,No,No,,,1517,1438,  ,3, ,East and West, , ,No Controls, , , , , , , , , ,2,2,0,0,0,0,0,0,0,0,0,3,3,0,0,0,0,0,0,0,1,0,0,2,0,0,0,0,0,0,0,0,0,0,0,4,0,,, ,No,Yes,No,No,No,Yes,No,No,No,No,Yes,No,No,No,No,Yes,No,Yes,No,Yes,No,No,No,No,No,No,No,No,No,No,No,No,No,No,No,No,No,No,No,No,No,No,No,No,No,No,No,No,No,No,Yes,Yes,No,No,No,Yes,Yes,No,No,No,No,No,No,Yes,No,No,Yes,No,No,Yes,No,No,No,No,No,No,No,No,Yes,No,No,No,Yes,No,No,No,No,No,No,
2005017723,64,Westmoreland,64209,Hempfield Twp,12,District 12-0,68A01,PSP - Greensburg,2004,07,5,1145,11,Daylight,No adverse conditions,Dry,Angle, , ,T intersection,Not applicable, ,Urban,0,2,6,2,No,No,40 16:55.585,79 41:35.509,1220,1154,  ,3,Yes,North, , ,No Controls, , , , , , , , , ,2,1,0,0,0,0,0,1,0,0,0,2,2,0,0,0,0,0,0,0,0,0,0,1,0,0,0,0,0,0,0,0,0,0,0,4,0,40.2818,-79.6933, ,No,Yes,No,No,No,No,No,No,No,No,No,No,No,No,No,Yes,No,Yes,No,No,Yes,No,No,Yes,No,No,No,No,No,No,No,No,No,No,No,No,No,No,No,No,No,No,No,No,No,No,No,No,No,No,No,No,No,No,No,No,Yes,No,No,No,No,No,No,No,No,No,Yes,No,No,Yes,No,No,No,No,No,No,No,No,Yes,No,No,No,Yes,No,No,No,No,No,No,"(40.2818, -79.6933)"
2000117174,43,Mercer,43213,Lake Twp,01,District 1-0,68D03,PSP - Mercer,2000,09,5,1709,17,Daylight,No adverse conditions,Dry,Rear-end, , ,Mid-block,Not applicable, ,Rural,0,1,3,2,No,No,41 19:31.080,80 09:33.840,9999,9999,  , ,No, , , ,No Controls, , , , , , , , , ,2,0,0,0,1,1,0,0,0,0,0,1,1,0,0,0,0,0,0,1,0,0,0,1,0,0,0,0,0,0,0,0,0,0,0,4,1,41.3253,-80.1594, ,Yes,Yes,No,No,No,No,No,No,No,Yes,No,No,No,No,No,Yes,No,Yes,No,Yes,No,No,No,No,No,No,No,No,No,No,No,No,No,No,No,No,No,Yes,No,No,No,No,No,No,No,No,No,No,No,No,No,No,No,Yes,No,No,No,Yes,No,No,No,No,Yes,No,No,No,Yes,No,Yes,Yes,No,No,No,No,No,No,No,No,Yes,No,No,No,Yes,No,No,No,No,No,No,"(41.3253, -80.1594)"
1998028681,15,Chester,15204,East Brandywine Twp,06,District 6-0,15204,EAST BRANDYWINE TWP,1998,03,3,0727,07,Daylight,No adverse conditions,Dry,Head-on, , ,Mid-block,Not applicable, ,Rural,0,2,3,2,No,No,40 02:07.440,75 42:41.040,9999,9999,  , ,No, , , ,No Controls, , , , , , , , , ,2,2,0,0,0,0,0,0,0,0,0,2,2,0,0,0,0,0,0,1,0,0,0,1,0,0,0,0,0,0,0,0,0,0,0,4,0,40.0354,-75.7113, ,No,Yes,No,No,No,No,No,No,No,No,Yes,No,No,No,No,Yes,No,Yes,No,Yes,No,No,No,No,No,No,No,No,No,No,No,No,No,No,No,No,No,No,No,No,No,No,No,No,No,No,No,No,No,No,Yes,Yes,No,No,No,No,No,No,No,No,No,No,Yes,No,No,No,Yes,No,No,No,No,No,No,No,No,No,No,No,Yes,No,No,No,Yes,No,No,No,No,No,No,"(40.0354, -75.7113)"
2006075941,37,Lawrence,37214,Union Twp,11,District 11-0,68D06,PSP - New Castle,2006,06,7,1325,13,Daylight,Rain,Wet,Hit fixed object, , ,Mid-block,Not applicable, ,Rural,0,3,3,1,No,No,40 59:17.000,80 22:59.086,1333,1330,  ,2,Yes,East, , ,No Controls, , , , , , , , , ,1,0,0,0,1,0,0,0,0,1,0,2,3,0,0,0,0,1,0,0,0,0,0,3,0,1,0,0,0,0,0,0,0,0,0,2,0,40.9742,-80.3703, ,No,Yes,No,No,Yes,No,No,No,No,No,No,Yes,Yes,No,No,Yes,Yes,Yes,No,Yes,No,No,No,No,No,No,No,No,No,No,No,Yes,No,No,No,No,No,No,No,No,No,No,No,No,No,No,No,No,No,No,No,No,No,Yes,No,Yes,Yes,No,No,No,Yes,No,No,No,No,No,Yes,No,No,Yes,No,No,No,No,No,No,No,No,Yes,No,Yes,No,Yes,No,No,No,No,No,No,"(40.9742, -80.3703)"
2006094965,67,Philadelphia,67301,Philadelphia City,06,District 6-0,67301,PHILADELPHIA CITY,2006,07,1,1725,17,Daylight,No adverse conditions,Dry,Hit pedestrian, , ,T intersection,Traffic signal, ,Urban,0,1,2,2,No,No,39 54:14.619,75 14:25.049,1727,1727,  ,2,Yes,North, , ,Device Functioning properly, , , , , , , , , ,1,1,0,0,0,0,0,0,0,0,0,1,1,0,0,0,0,0,0,0,0,0,0,1,0,0,0,0,0,0,0,0,1,0,0,4,0,39.9041,-75.2403, ,No,No,Yes,No,No,No,No,No,No,No,No,No,No,No,No,Yes,No,Yes,No,No,Yes,Yes,No,No,No,No,No,No,No,No,No,No,No,No,No,No,No,No,No,No,No,No,No,No,No,No,No,Yes,No,No,No,No,No,No,No,No,Yes,No,No,No,No,No,No,No,No,No,Yes,Yes,No,No,No,No,No,No,No,No,No,No,No,No,No,No,Yes,No,No,No,No,No,No,"(39.9041, -75.2403)"
2007118183,49,Northumberland,49302,Sunbury City,03,District 3-0,49302,SUNBURY CITY,2007,12,2,1338,13,Daylight,No adverse conditions,Dry,Angle, , ,Four way intersection,Traffic signal, ,Urbanized,0,1,4,3,No,No,40 52:10.897,76 47:11.618,1343,1338,  ,1,Yes,West, , ,Device Functioning properly, , , , , , , , , ,3,0,0,0,2,0,1,0,0,0,0,1,1,0,0,0,0,0,0,0,2,0,1,4,0,0,0,0,0,0,0,0,0,0,0,4,0,40.8697,-76.7866, ,No,Yes,No,No,No,No,No,No,No,No,No,No,No,No,No,Yes,No,Yes,No,No,Yes,Yes,No,No,No,No,No,No,No,No,No,No,No,No,No,No,No,No,No,No,No,No,No,No,No,No,No,No,Yes,No,No,No,No,No,No,No,Yes,No,No,No,No,No,No,Yes,No,Yes,Yes,No,No,No,No,No,No,No,No,No,No,No,Yes,No,No,No,Yes,No,No,No,No,No,No,"(40.8697, -76.7866)"
2015007588,23,Delaware,23108,Springfield Twp,06,District 6-0,23108,SPRINGFIELD TWP,2015,01,1,0802,08,Daylight,Rain,Ice,Rear-end, , ,Four way intersection,Not applicable, ,Urban,0,0,2,2,No,No,39 55:55.563,75 20:03.262,0902,0859,  , ,No, , , ,No Controls, , , , , , , , , ,2,2,0,0,0,0,0,0,0,0,0,0,0,0,0,0,0,0,0,0,0,0,0,1,0,0,0,0,0,0,0,0,0,0,0,0,0,39.9321,-75.3342, ,No,Yes,No,No,No,No,Yes,No,No,Yes,No,No,No,No,Yes,No,No,No,No,No,Yes,No,No,Yes,No,No,No,No,No,No,No,No,No,No,No,No,No,No,No,No,No,No,No,No,No,No,No,No,No,No,No,No,No,No,No,No,Yes,No,No,No,No,No,No,No,No,No,Yes,No,No,No,No,No,No,No,No,No,No,No,Yes,No,No,No,No,No,No,No,No,No,No,"(39.9321, -75.3342)"
2017067230,46,Montgomery,46413,Norristown Boro,06,District 6-0,46413,NORRISTOWN BORO,2017,07,7,1355,13,Daylight,No adverse conditions,Dry,Hit fixed object, , ,Mid-block,Not applicable,Not applicable,Urban,0,1,1,1, , ,40 07:09.890,75 20:06.170,1358,1356,  ,1,2,5, , ,0,Y, , , , , , , , ,1,1,0,0,0,0,0,0,0,0,0,0,1,1,0,0,0,0,0,0,0,0,0,1,0,0,0,0,0,0,0,0,0,0,0,8,0,40.119399999999999,-75.334999999999994,  ,No,No,Yes,No,No,No,No,No,No,No,No,Yes,Yes,No,No,Yes,No,Yes,No,Yes,No,No,No,No,No,No,No,No,No,Yes,No,No,No,No,No,No,No,No,No,No,No,No,No,No,No,Yes,No,No,No,No,No,No,No,No,No,No,No,No,No,No,No,No,No,No,No,No,Yes,No,No,No,No,No,No,No,No,No,No,No,Yes,No,No,No,No,No,No,No,No,No,No,"(40.1194, -75.335)"
2010028124,67,Philadelphia,67301,Philadelphia City,06,District 6-0,67301,PHILADELPHIA CITY,2010,02,2,0820,08,Daylight,No adverse conditions,Dry,Angle, , ,Four way intersection,Traffic signal, ,Urban,0,1,4,2,No,No,39 58:50.844,75 10:26.522,0829,0828,  , ,No, , , ,Device Functioning properly, , , , , , , , , ,2,2,0,0,0,0,0,0,0,0,1,0,1,0,0,0,0,0,0,1,0,0,0,2,0,0,0,0,0,0,0,0,0,0,0,3,0,39.9808,-75.174, ,No,No,Yes,No,No,No,No,No,No,No,No,No,No,No,No,Yes,No,Yes,No,No,Yes,Yes,No,No,No,No,No,No,No,No,No,No,No,No,No,No,No,No,Yes,No,No,No,No,No,No,No,No,No,No,No,No,No,No,No,No,No,No,No,No,No,No,No,Yes,No,No,No,Yes,No,No,No,No,No,No,No,No,No,No,No,No,No,No,Yes,No,No,No,No,No,No,No,"(39.9808, -75.174)"
2010023117,06,Berks,06214,Exeter Twp,05,District 5-0,06214,EXETER TWP,2010,01,6,0117,01,Dark no street lights,No adverse conditions,Wet,Hit fixed object, , ,Mid-block,Not applicable, ,Urban,1,0,1,1,No,No,40 17:05.082,75 48:38.950,0121,0119,  ,4, ,East and West, ,No Special Jurisdiction,No Controls, , , , , , , , , ,1,1,0,0,0,0,0,0,0,0,0,0,0,0,0,0,0,0,0,0,1,0,0,1,1,0,0,0,0,0,0,0,0,0,0,1,0,40.2847,-75.8108,Blacktop,No,Yes,No,No,Yes,No,No,No,No,No,No,Yes,Yes,No,No,Yes,Yes,No,Yes,Yes,No,No,No,No,No,No,No,No,No,Yes,No,No,No,No,No,No,No,No,No,No,No,Yes,Yes,No,No,No,No,No,No,No,No,No,No,No,No,No,No,No,No,No,No,No,No,Yes,No,No,Yes,No,No,No,No,No,Yes,No,No,No,No,No,Yes,No,No,No,No,No,No,No,No,No,Yes,"(40.2847, -75.8108)"
2014058449,66,York,66301,York City,08,District 8-0,66301,YORK CITY,2014,06,4,1004,10,Daylight,No adverse conditions,Dry,Angle, , ,Four way intersection,Stop sign, ,Urban,0,1,2,2,No,No,39 57:47.977,76 44:29.378,1013,1006,  ,1, ,"All (N,S,E,W)", , ,Device Functioning properly, , , , , , , , , ,2,1,0,0,0,0,1,0,0,0,0,0,1,1,0,0,0,0,0,0,0,0,0,1,0,0,0,0,0,0,0,0,0,0,0,8,0,39.9633,-76.7415, ,No,No,Yes,No,No,No,No,No,No,No,No,No,No,No,No,Yes,No,Yes,No,No,Yes,No,Yes,Yes,No,No,No,No,No,No,No,No,No,No,No,No,No,No,No,No,No,No,No,No,No,No,No,Yes,No,No,No,No,No,No,No,No,Yes,No,No,No,No,No,No,No,No,No,Yes,No,No,No,No,No,No,No,No,No,No,No,Yes,No,No,No,No,No,No,No,No,No,No,"(39.9633, -76.7415)"
2004090408,64,Westmoreland,64219,Washington Twp,12,District 12-0,64219,WASHINGTON TWP,2004,11,7,0841,08,Daylight,No adverse conditions,Wet,Hit fixed object, , ,T intersection,Stop sign, ,Rural,0,1,1,1,No,No,40 30:28.350,79 40:18.274,0849,0841,  ,2,Yes,West, , ,Unknown, , , , , , , , , ,1,1,0,0,0,0,0,0,0,0,0,1,1,0,0,0,0,0,0,0,1,0,0,1,0,0,0,0,0,0,0,0,0,0,0,4,0,40.5088,-79.6699, ,No,Yes,No,No,Yes,No,No,No,No,No,No,Yes,Yes,No,No,Yes,No,Yes,No,No,Yes,No,Yes,Yes,No,No,No,No,No,No,No,Yes,No,No,No,No,No,No,No,No,No,Yes,Yes,No,No,No,No,No,No,No,No,Yes,Yes,No,No,No,No,No,No,No,No,No,No,Yes,No,No,Yes,No,No,No,No,No,No,No,No,No,No,No,Yes,No,No,No,Yes,No,No,No,No,No,Yes,"(40.5088, -79.6699)"
2004010520,32,Indiana,32209,Cherryhill Twp,10,District 10-0,68A03,PSP - Indiana,2003,05,5,1537,15,Daylight,No adverse conditions,Dry,Hit fixed object, , ,Mid-block,Not applicable, ,Rural,0,1,2,1,No,No,40 38:18.371,78 56:32.872,1600,1539,  ,2,Yes,South, , ,No Controls, , , , , , , , , ,1,1,0,0,0,0,0,0,0,0,1,0,1,0,0,0,0,0,0,0,0,0,0,2,0,0,0,0,0,0,0,0,0,0,0,3,0,40.6385,-78.9425, ,No,Yes,No,No,No,No,No,No,No,No,No,Yes,Yes,No,No,Yes,No,Yes,No,Yes,No,No,No,No,No,No,No,Yes,No,No,No,No,No,No,No,No,No,No,No,No,No,No,No,No,No,No,No,No,No,No,No,No,No,No,No,No,No,No,No,No,No,No,No,No,No,No,Yes,No,No,Yes,No,No,No,No,No,No,No,No,Yes,No,No,Yes,No,No,No,No,No,No,No,"(40.6385, -78.9425)"
1999072246,40,Luzerne,40405,Dallas Boro,04,District 4-0,40405,DALLAS BORO,1999,05,1,1914,19,Daylight,No adverse conditions,Dry,Angle, , ,Y intersection,Traffic signal, ,Urban,0,4,4,2,No,No,41 19:55.920,75 57:18.000,9999,9999,  , ,No, , , ,Device Functioning properly, , , , , , , , , ,2,1,0,0,0,0,1,0,0,0,0,4,4,0,0,0,0,1,0,0,0,0,0,1,0,0,0,0,0,0,0,0,0,0,0,4,0,41.3322,-75.955, ,No,Yes,No,No,No,No,No,No,No,No,No,No,No,No,No,Yes,No,Yes,No,No,Yes,Yes,No,No,No,No,No,No,No,No,No,No,No,No,No,No,No,No,No,No,No,No,No,No,No,No,No,No,Yes,No,No,No,No,No,No,No,Yes,No,No,No,Yes,No,No,No,No,No,Yes,No,No,No,No,No,No,No,No,No,No,No,Yes,No,No,No,Yes,No,No,No,No,No,No,"(41.3322, -75.955)"