Crash Record Number,County Code,County Name,Municipality Code,Municipality Name,District Code,District Name,Police Agency Code,Police Agency Name,Crash Year,Crash Month,Day of Week,Time of Day,Hour of Day,Illumination,Weather,Road Condition,Collision Type,Work Zone Type,Work Zone Location,Intersection Type,Traffic Control Device,Location Type,Urban / Rural,Fatality Count,Injury Count,Person Count,Total Unit Count,School Bus Indicator,School Zone Indicator,Latitude,Longitude,Arrival Time,Dispatch Time,Construction Zone Speed Limit,Estimated Hours Closed,Lane Closed,Lane Closure Direction,Notify Highway Maintenance,Special Jurisdiction,Traffic Control Device Function,Traffic Detour,Workers Present,Work Zone Close/Detour,Work Zone Flagger,Work Zone Law Officer,Work Zone Closure,Work Zone Moving,Work Zone Other,Work Zone Shoulder/Median,Vehicle Count,Automobile Count,Motorcycle Count,Bus Count,Small Truck Count,Heavy Truck Count,SUV Count,Van Count,Bicycle Count,Suspected Serious Injury Count,Suspected Minor Injury Count,Possible Injury Count,Total Injury Count,Unknown Injury Degree Count,Unknown Injury Person Count,16 Year Old Driver Count,17 Year Old Driver Count,18 Year Old Driver Count,19 Year Old Driver Count,20 Year Old Driver Count,50-64 Year Old Driver Count,65-74 Year Old Driver Count,75 Plus Year Old Driver Count,Unbelted Occupant Count,Unbelted Death Count,Unbelted Suspected Serious Injury Count,Belted Death Count,Belted Suspected Serious Injury Count,Motorcycle Death Count,Motorcycle Suspected Serious Injury Count,Bicycle Death Count,Bicycle Suspected Serious Injury Count,Pedestrian Count,Pedestrian Death Count,Pedestrian Suspected Serious Injury Count,Maximum Severity Level,Commercial Vehicle Count,Latitude (Decimal),Longitude (Decimal),Roadway Surface Type,Interstate,State Road,Local Road Only,Turnpike,Wet Road,Snow Slush Road,Icy Road,Sudden Deer,Shoulder Related,Rear End,Head On / Opposite Direction Side Swipe,Hit Fixed Object,Single Vehicle Run Off Road,Work Zone,Property Damage Only,Injury or Fatal,Fatal or Suspected Serious Injury,Injury,Fatal,Non Intersection,Intersection,Signalized Intersection,Stop Controlled Intersection,Unsignalized Intersection,School Bus,School Zone,Hit Deer,Hit Tree / Shrub,Hit Embankment,Hit Pole,Hit Guide Rail,Hit Guide Rail End,Hit Barrier,Hit Bridge,Overturned,Motorcycle,Bicycle,Heavy Truck Related,Vehicle Failure,Train / Trolley,Phantom Vehicle,Alcohol Related,Drinking Driver,Underage Drinking Driver,Unlicensed,Distracted,Cell Phone,No Clearance,Running Red Light,Tailgating,Cross Median,Curved Road,Curve Driver Error,Limit 65 MPH,Speeding,Speeding Related,Aggressive Driving,Fatigue / Asleep,Driver 16 Years Old,Driver 17 Years Old,Driver 18 Years Old,Driver 19 Years Old,Driver 20 Years Old,Driver 50 - 64 Years Old,Driver 65 - 74 Years Old,Driver 75 Plus,Unbelted,Pedestrian,Commercial Vehicle,PSP Reported,NHTSA Aggressive Driving,Deer Related,Illumination Dark,Running Stop Sign,Train,Trolley,Hit Parked Vehicle,Fire In Vehicle,Vehicle Towed,Hazardous Truck,Suspected Serious Injury,Suspected Minor Injury,Possible Injury,Motorcycle Drinking Driver,Drug Related,Illegal Drug Related,School Bus Unit,Drugged Driver,Impaired Driver,Geographic Location of the Crash
2017118106,35,Lackawanna,35302,Scranton City,04,District 4-0,35302,SCRANTON CITY,2017,11,6,1512,15,Daylight,No adverse conditions,Dry,Rear-end, , ,Mid-block,Not applicable,Not applicable,Urban,0,0,2,2,N,N,41 27:05.501,75 39:59.616,1518,1512,  ,2,2,3,Y, ,0,N, , , , , , , , ,2,1,0,0,0,0,1,0,0,0,0,0,0,0,0,0,0,0,0,0,1,0,0,1,0,0,0,0,0,0,0,0,0,0,0,0,0,41.451500000000003,-75.666600000000003,  ,No,Yes,No,No,No,No,No,No,No,Yes,No,No,No,No,Yes,No,No,No,No,Yes,No,No,No,No,No,No,No,No,No,No,No,No,No,No,No,No,No,No,No,No,No,No,No,No,No,No,No,No,No,No,No,No,No,No,No,No,No,No,No,No,No,No,No,Yes,No,No,Yes,No,No,No,No,No,No,No,No,No,Yes,No,Yes,No,No,No,No,No,No,No,No,No,No,"(41.4515, -75.6666)"
2000125660,67,Philadelphia,67301,Philadelphia City,06,District 6-0,67301,PHILADELPHIA CITY,2000,11,1,1928,19,Dark street lights,No adverse conditions,Dry,Rear-end, , ,Four way intersection,Traffic signal, ,Urban,0,3,5,2,No,No,39 59:16.080,75 10:50.160,9999,9999,  , ,No, , , ,Device Functioning properly, , , , , , , , , ,2,2,0,0,0,0,0,0,0,0,2,0,2,0,1,0,0,0,0,0,1,0,0,1,0,0,0,0,0,0,0,0,0,0,0,3,0,39.9878,-75.1806, ,No,Yes,No,No,No,No,No,No,No,Yes,No,No,No,No,No,Yes,No,Yes,No,No,Yes,Yes,No,No,No,No,No,No,No,No,No,No,No,No,No,No,No,No,No,No,No,No,No,No,No,No,No,No,No,No,No,No,No,No,No,No,No,No,No,No,No,No,No,Yes,No,No,Yes,No,No,No,No,No,Yes,No,No,No,No,No,Yes,No,No,Yes,No,No,Yes,Yes,No,Yes,Yes,"(39.9878, -75.1806)"
2000105596,41,Lycoming,41232,Piatt Twp,03,District 3-0,68F01,PSP - Montoursville,2000,09,7,1731,17,Daylight,No adverse conditions,Dry,Hit fixed object, , ,Mid-block,Not applicable, ,Rural,0,1,1,1,No,No,,,9999,9999,  , ,No, , , ,No Controls, , , , , , , , , ,1,1,0,0,0,0,0,0,0,0,0,1,1,0,0,0,0,0,0,0,0,0,0,1,0,0,0,0,0,0,0,0,0,0,0,4,0,,, ,No,No,Yes,No,No,No,No,No,No,No,No,Yes,Yes,No,No,Yes,No,Yes,No,Yes,No,No,No,No,No,No,No,Yes,No,No,No,No,No,No,No,No,No,No,No,No,No,Yes,Yes,No,No,No,No,No,No,No,No,Yes,No,No,No,Yes,Yes,No,No,No,No,No,No,No,No,No,Yes,No,No,Yes,No,No,No,No,No,No,No,No,Yes,No,No,No,Yes,No,No,No,No,No,Yes,
1999071958,46,Montgomery,46105,Lower Moreland Twp,06,District 6-0,46105,LOWER MORELAND TWP,1999,02,3,0716,07,Daylight,Rain,Wet,Rear-end, , ,Four way intersection,Stop sign, ,Urban,0,1,2,2,No,No,40 08:52.080,75 03:34.200,9999,9999,  , ,No, , , ,Device Functioning properly, , , , , , , , , ,2,2,0,0,0,0,0,0,0,0,0,1,1,0,0,0,0,0,0,0,1,0,0,1,0,0,0,0,0,0,0,0,0,0,0,4,0,40.1478,-75.0595, ,No,Yes,No,No,Yes,No,No,No,No,Yes,No,No,No,No,No,Yes,No,Yes,No,No,Yes,No,Yes,Yes,No,No,No,No,No,No,No,No,No,No,No,No,No,No,No,No,No,No,No,No,No,No,No,No,No,No,No,No,No,No,No,Yes,Yes,No,No,No,No,No,No,Yes,No,No,Yes,No,No,No,No,No,No,No,No,No,No,No,No,No,No,No,Yes,No,No,No,No,No,No,"(40.1478, -75.0595)"
2001259666,28,Franklin,28201,Antrim Twp,08,District 8-0,68H03,PSP - Chambersburg,2001,06,1,0233,02,Dark no street lights,No adverse conditions,Dry,Head-on, , ,Mid-block,Not applicable, ,Rural,0,4,6,2,No,No,39 49:55.560,77 41:51.000,9999,9999,  , ,No, , , ,No Controls, , , , , , , , , ,2,2,0,0,0,0,0,0,0,0,1,3,4,0,0,0,1,0,0,0,0,0,0,1,0,0,0,0,0,0,0,0,0,0,0,3,0,39.8318,-77.6976, ,Yes,Yes,No,No,No,No,No,No,No,No,Yes,No,No,No,No,Yes,No,Yes,No,Yes,No,No,No,No,No,No,No,No,No,No,No,No,No,No,No,No,No,No,Yes,No,No,No,No,No,No,No,No,No,No,No,Yes,No,No,Yes,No,No,No,No,No,Yes,No,No,No,No,No,No,Yes,No,No,Yes,No,No,Yes,No,No,No,No,No,Yes,No,No,Yes,Yes,No,No,No,No,No,No,"(39.8318, -77.6976)"
2016025168,04,Beaver,04403,Baden Boro,11,District 11-0,04403,BADEN BORO,2016,02,4,0941,09,Daylight,No adverse conditions,Dry,Head-on, , ,Four way intersection,Traffic signal, ,Urban,0,0,2,2,No,No,40 38:45.127,80 13:59.886,0945,0943,  , ,No, , , ,Device Functioning properly, , , , , , , , , ,2,1,0,0,1,0,0,0,0,0,0,0,0,0,0,0,0,1,0,0,0,0,0,2,0,0,0,0,0,0,0,0,0,0,0,0,0,40.6459,-80.2333, ,No,Yes,No,No,No,No,No,No,No,No,Yes,No,No,No,Yes,No,No,No,No,No,Yes,Yes,No,No,No,No,No,No,No,No,No,No,No,No,No,No,No,No,No,No,No,No,No,No,No,No,No,No,Yes,No,No,No,No,No,No,No,Yes,No,No,No,Yes,No,No,No,No,No,Yes,No,No,No,No,No,No,No,No,No,No,No,Yes,No,No,No,No,No,No,No,No,No,No,"(40.6459, -80.2333)"
2008044940,28,Franklin,28201,Antrim Twp,08,District 8-0,68H03,PSP - Chambersburg,2007,12,2,1320,13,Daylight,No adverse conditions,Dry,Rear-end, , ,Mid-block,Not applicable, ,Rural,0,1,3,3,No,No,39 47:31.000,77 46:14.052,1337,1325,  ,1,Yes,South, , ,No Controls, , , , , , , , , ,3,1,0,0,1,0,0,0,0,0,0,1,1,0,0,0,0,0,0,0,0,0,0,1,0,0,0,0,0,0,0,0,0,0,0,4,0,39.7921,-77.7706, ,No,Yes,No,No,No,No,No,No,No,Yes,No,No,No,No,No,Yes,No,Yes,No,Yes,No,No,No,No,No,No,No,No,No,No,No,No,No,No,No,No,No,No,No,No,No,No,No,No,No,No,No,No,No,No,No,No,No,No,Yes,Yes,Yes,No,No,No,No,No,No,No,No,No,Yes,No,No,Yes,Yes,No,No,No,No,No,No,No,Yes,No,No,No,Yes,No,No,No,No,No,No,"(39.7921, -77.7706)"
2003065942,09,Bucks,09208,Falls Twp,06,District 6-0,09208,FALLS TWP,2002,11,3,0134,01,Dark street lights,No adverse conditions,Dry,Head-on,Construction,Other,Mid-block,Not applicable, ,Urban,0,0,1,2,No,No,40 08:56.385,74 49:15.301,0138,0134,99, ,No, , , ,No Controls, ,U, , ,U, , , , ,2,1,0,0,1,0,0,0,0,0,0,0,0,0,0,0,0,0,0,0,0,0,0,1,0,0,0,0,0,0,0,0,0,0,0,0,0,40.149,-74.8209, ,No,No,Yes,No,No,No,No,No,No,No,Yes,No,No,Yes,Yes,No,No,No,No,Yes,No,No,No,No,No,No,No,No,No,No,No,No,No,No,No,No,No,No,No,No,No,Yes,Yes,No,No,No,No,No,No,No,No,No,No,No,No,No,No,No,No,No,No,No,No,No,No,No,Yes,No,No,No,No,No,Yes,No,No,No,Yes,No,Yes,No,No,No,No,No,No,No,No,No,Yes,"(40.149, -74.8209)"
2012098425,67,Philadelphia,67301,Philadelphia City,06,District 6-0,67301,PHILADELPHIA CITY,2012,09,3,0445,04,Dark no street lights,Rain,Wet,Head-on, , ,Four way intersection,Stop sign, ,Urban,0,1,5,2,No,No,40 01:06.992,75 10:59.131,0500,0458,  , ,No, , , ,Unknown, , , , , , , , , ,2,2,0,0,0,0,0,0,0,0,0,1,1,0,0,0,0,0,0,0,1,0,0,5,0,0,0,0,0,0,0,0,0,0,0,4,0,40.0186,-75.1831, ,No,No,Yes,No,Yes,No,No,No,No,No,Yes,No,No,No,No,Yes,No,Yes,No,No,Yes,No,Yes,Yes,No,No,No,No,No,No,No,No,No,No,No,No,No,No,No,No,No,No,No,No,No,No,No,No,No,No,No,No,No,No,No,Yes,Yes,No,No,No,No,No,No,Yes,No,No,Yes,No,No,No,Yes,No,Yes,Yes,No,No,No,No,Yes,No,No,No,Yes,No,No,No,No,No,No,"(40.0186, -75.1831)"
2012003043,02,Allegheny,02111,North Versailles Twp,11,District 11-0,02111,NORTH VERSAILLES TWP,2012,01,3,1445,14,Daylight,Snow,Snow covered,Angle, , ,Four way intersection,Stop sign, ,Urban,0,0,2,2,No,No,40 22:45.808,79 48:25.156,1455,1448,  , ,No, , , ,Device Functioning properly, , , , , , , , , ,2,0,0,0,1,0,1,0,0,0,0,0,0,0,0,0,0,0,0,0,0,0,0,1,0,0,0,0,0,0,0,0,0,0,0,0,0,40.3793,-79.807, ,No,Yes,No,No,No,Yes,No,No,No,No,No,No,No,No,Yes,No,No,No,No,No,Yes,No,Yes,Yes,No,No,No,No,No,No,No,No,No,No,No,No,No,No,No,No,No,No,No,No,No,No,No,Yes,No,No,No,No,No,No,No,No,Yes,No,No,No,No,No,No,No,No,No,Yes,No,No,No,No,No,No,No,No,No,No,No,Yes,No,No,No,No,No,No,No,No,No,No,"(40.3793, -79.807)"
2001238273,06,Berks,06228,Ontelaunee Twp,05,District 5-0,06504,NORTHERN BERKS REGIONAL,2001,03,1,0300,03,Dark street lights,No adverse conditions,Dry,Hit fixed object, , ,Other,Not applicable, ,Rural,0,1,1,1,No,No,,,9999,9999,  , ,No, , , ,No Controls, , , , , , , , , ,1,1,0,0,0,0,0,0,0,0,0,1,1,0,0,0,0,0,0,0,0,0,0,1,0,0,0,0,0,0,0,0,0,0,0,4,0,,, ,No,No,Yes,No,No,No,No,No,No,No,No,Yes,Yes,No,No,Yes,No,Yes,No,No,Yes,No,No,Yes,No,No,No,No,Yes,Yes,No,No,No,Yes,No,No,No,No,No,No,No,No,No,No,No,No,No,No,No,No,No,Yes,Yes,No,No,No,No,No,No,No,No,No,No,No,No,No,Yes,No,No,No,No,No,Yes,No,No,No,No,No,Yes,No,No,No,Yes,No,No,No,No,No,No,
2004010294,36,Lancaster,36219,Fulton Twp,08,District 8-0,68J01,PSP - Lancaster,2003,09,5,1250,12,Daylight,No adverse conditions,Dry,Hit fixed object, , ,Mid-block,Not applicable, ,Rural,0,0,1,1,No,No,39 44:01.985,76 09:05.898,1333,1256,  , ,No, , , ,No Controls, , , , , , , , , ,1,0,0,0,0,0,1,0,0,0,0,0,0,0,0,0,0,0,0,0,0,0,0,1,0,0,0,0,0,0,0,0,0,0,0,0,0,39.7339,-76.1516, ,No,Yes,No,No,No,No,No,No,No,No,No,Yes,Yes,No,Yes,No,No,No,No,Yes,No,No,No,No,No,No,No,No,No,Yes,No,No,No,No,No,No,No,No,No,No,No,Yes,Yes,No,No,No,No,No,No,No,No,No,No,No,No,No,No,No,No,No,No,No,No,No,No,No,Yes,No,No,Yes,No,No,No,No,No,No,No,No,Yes,No,No,No,No,No,No,No,No,No,Yes,"(39.7339, -76.1516)"
2007033909,02,Allegheny,02301,Pittsburgh City,11,District 11-0,02301,PITTSBURGH CITY,2007,03,2,1705,17,Daylight,No adverse conditions,Dry,Head-on, , ,Y intersection,Stop sign, ,Urban,0,0,3,3,No,No,40 28:04.443,79 54:25.844,1706,1706,  , ,No, , , ,Device Functioning improperly, , , , , , , , , ,3,2,0,0,0,0,1,0,0,0,0,0,0,0,0,0,0,0,0,0,0,0,0,1,0,0,0,0,0,0,0,0,0,0,0,0,0,40.4679,-79.9072, ,No,No,Yes,No,No,No,No,No,No,No,Yes,No,No,No,Yes,No,No,No,No,No,Yes,No,Yes,Yes,No,No,No,No,No,No,No,No,No,No,No,No,No,No,No,No,No,Yes,Yes,No,No,No,No,No,No,No,No,No,No,No,No,No,Yes,No,No,No,No,No,No,No,No,No,Yes,No,No,No,No,No,No,Yes,No,No,Yes,No,Yes,No,No,No,No,No,No,No,No,No,Yes,"(40.4679, -79.9072)"
1999129598,23,Delaware,23112,Marple Twp,06,District 6-0,23112,MARPLE TWP,1999,11,4,1308,13,Daylight,No adverse conditions,Dry,Rear-end, , ,Mid-block,Not applicable, ,Urban,0,1,2,2,No,No,39 56:34.440,75 20:57.840,9999,9999,  , ,No, , , ,No Controls, , , , , , , , , ,2,2,0,0,0,0,0,0,0,0,0,1,1,0,0,0,0,0,0,0,1,0,0,1,0,0,0,0,0,0,0,0,0,0,0,4,0,39.9429,-75.3494, ,No,Yes,No,No,No,No,No,No,No,Yes,No,No,No,No,No,Yes,No,Yes,No,Yes,No,No,No,No,No,No,No,No,No,No,No,No,No,No,No,No,No,No,No,No,No,No,No,No,No,No,No,No,No,No,No,No,No,No,No,No,No,No,No,No,No,No,No,Yes,No,No,Yes,No,No,No,No,No,No,No,No,No,No,No,Yes,No,No,No,Yes,No,No,No,No,No,No,"(39.9429, -75.3494)"
1997027295,09,Bucks,09413,Penndel Boro,06,District 6-0,68M03,PSP - Trevose,1997,01,3,0621,06,Dark street lights,No adverse conditions,Dry,Hit fixed object, , ,Mid-block,Not applicable, ,Urban,0,2,2,1,No,No,40 09:32.760,74 55:02.280,9999,9999,  , ,No, , , ,No Controls, , , , , , , , , ,1,1,0,0,0,0,0,0,0,0,1,1,2,0,0,0,0,0,0,0,0,0,0,1,0,0,0,0,0,0,0,0,0,0,0,3,0,40.1591,-74.9173, ,No,Yes,No,No,No,No,No,No,No,No,No,Yes,Yes,No,No,Yes,No,Yes,No,Yes,No,No,No,No,No,No,No,No,No,Yes,No,No,No,No,Yes,No,No,No,No,No,No,No,No,No,No,Yes,No,No,No,No,No,No,No,No,No,No,No,No,No,No,No,No,No,No,No,No,Yes,No,No,Yes,No,No,Yes,No,No,No,No,No,Yes,No,No,Yes,Yes,No,No,No,No,No,No,"(40.1591, -74.9173)"
2013038403,17,Clearfield,17201,Beccaria Twp,02,District 2-0,68C03,PSP - Clearfield,2013,03,6,0145,01,Dark street lights,No adverse conditions,Dry,Hit fixed object, , ,Mid-block,Not applicable, ,Rural,0,2,3,1,No,No,40 45:15.558,78 32:03.354,0215,0147,  , ,No, , , ,No Controls, , , , , , , , , ,1,0,0,0,0,0,1,0,0,0,0,2,2,0,0,0,0,0,0,0,0,0,0,1,0,0,0,0,0,0,0,0,0,0,0,4,0,40.7543,-78.5343, ,No,Yes,No,No,No,No,No,No,No,No,No,Yes,Yes,No,No,Yes,No,Yes,No,Yes,No,No,No,No,No,No,No,No,No,No,No,No,No,No,Yes,No,No,No,No,No,No,Yes,Yes,No,No,No,No,No,No,No,No,No,No,No,No,No,No,No,No,No,No,No,No,No,No,No,Yes,No,No,Yes,No,No,Yes,No,No,No,No,No,Yes,No,No,No,Yes,No,No,No,No,No,Yes,"(40.7543, -78.5343)"
2011049333,02,Allegheny,02443,Lincoln Boro,11,District 11-0,02443,LINCOLN BORO,2011,05,6,0249,02,Dark street lights,No adverse conditions,Wet,Hit fixed object, , ,Mid-block,Not applicable, ,Urban,0,1,2,1,No,No,40 17:13.324,79 50:45.502,0256,0249,  ,2, ,"All (N,S,E,W)", , ,No Controls, , , , , , , , , ,1,0,0,0,1,0,0,0,0,0,0,1,1,0,0,0,0,0,0,0,0,0,0,2,0,0,0,0,0,0,0,0,0,0,0,4,0,40.287,-79.846, ,No,No,Yes,No,Yes,No,No,No,No,No,No,Yes,Yes,No,No,Yes,No,Yes,No,Yes,No,No,No,No,No,No,No,No,Yes,No,No,No,No,No,Yes,No,No,No,No,No,No,Yes,Yes,No,No,No,No,No,No,No,No,No,No,No,No,Yes,Yes,No,No,No,No,No,No,No,No,No,Yes,No,No,No,No,No,Yes,No,No,No,No,No,Yes,No,No,No,Yes,No,No,No,No,No,Yes,"(40.287, -79.846)"
2001256131,66,York,66102,York Twp,08,District 8-0,66505,YORK AREA REGIONAL,2001,06,6,1914,19,Daylight,Rain,Wet,Hit fixed object, , ,Mid-block,Not applicable, ,Rural,0,1,1,1,No,No,39 53:47.400,76 37:19.560,9999,9999,  , ,No, , , ,No Controls, , , , , , , , , ,1,0,0,0,1,0,0,0,0,0,0,1,1,0,0,0,0,0,0,0,0,0,0,1,0,0,0,0,0,0,0,0,0,0,0,4,0,39.8965,-76.6221, ,No,Yes,No,No,Yes,No,No,No,No,No,No,Yes,Yes,No,No,Yes,No,Yes,No,Yes,No,No,No,No,No,No,No,Yes,No,Yes,No,No,No,No,No,No,No,No,No,No,No,Yes,Yes,No,No,No,No,No,No,No,No,No,No,No,No,No,No,No,No,No,No,No,No,No,No,No,Yes,No,No,No,No,No,No,No,No,No,No,No,Yes,No,No,No,Yes,No,Yes,No,No,Yes,Yes,"(39.8965, -76.6221)"
1997081243,62,Washington,62224,Smith Twp,12,District 12-0,62224,SMITH TWP,1997,06,1,1405,14,Daylight,No adverse conditions,Dry,Head-on, , ,Mid-block,Not applicable, ,Rural,0,1,2,2,No,No,40 24:27.000,80 24:28.080,9999,9999,  , ,No, , , ,No Controls, , , , , , , , , ,2,0,0,0,1,1,0,0,0,0,1,0,1,0,0,0,0,0,0,0,0,0,0,2,0,0,0,0,0,0,0,0,0,0,0,3,0,40.4075,-80.4078, ,No,Yes,No,No,No,No,No,No,No,No,Yes,No,No,No,No,Yes,No,Yes,No,Yes,No,No,No,No,No,No,No,No,No,No,No,No,No,No,No,No,No,Yes,No,No,No,No,No,No,No,No,No,No,No,No,Yes,No,No,No,No,No,No,No,No,No,No,No,No,No,No,No,Yes,No,No,No,No,No,No,No,No,No,No,No,Yes,No,No,Yes,No,No,No,No,No,No,No,"(40.4075, -80.4078)"
1998101803,11,Cambria,11222,Richland Twp,09,District 9-0,11222,RICHLAND TWP,1998,09,3,1341,13,Daylight,Rain,Wet,Angle, , ,Mid-block,Not applicable, ,Urban,0,0,2,2,No,No,,,9999,9999,  , ,No, , , ,No Controls, , , , , , , , , ,2,2,0,0,0,0,0,0,0,0,0,0,0,0,0,0,0,1,0,0,0,0,0,1,0,0,0,0,0,0,0,0,0,0,0,0,0,,, ,No,No,Yes,No,Yes,No,No,No,No,No,No,No,No,No,Yes,No,No,No,No,Yes,No,No,No,No,No,No,No,No,No,No,No,No,No,No,No,No,No,No,No,No,No,No,No,No,No,No,No,No,No,No,No,No,No,No,No,No,Yes,No,No,No,Yes,No,No,No,No,No,Yes,No,No,No,No,No,No,No,No,No,No,No,Yes,No,No,No,No,No,No,No,No,No,No,
2000155617,46,Montgomery,46110,Upper Moreland Twp,06,District 6-0,46110,UPPER MORELAND TWP,2000,12,7,1642,16,Dusk,Rain,Wet,Angle, , ,Four way intersection,Traffic signal, ,Urban,0,1,3,2,No,No,40 09:16.560,75 06:09.720,9999,9999,  , ,No, , , ,Device Functioning properly, , , , , , , , , ,2,0,0,0,1,0,1,0,0,0,1,0,1,0,0,0,0,0,0,0,0,0,0,1,0,0,0,0,0,0,0,0,0,0,0,3,0,40.1546,-75.1027, ,No,Yes,No,No,Yes,No,No,No,No,No,No,No,No,No,No,Yes,No,Yes,No,No,Yes,Yes,No,No,No,No,No,No,No,No,No,No,No,No,No,No,No,No,No,No,No,Yes,Yes,No,No,No,No,No,No,No,No,No,No,No,No,No,Yes,No,No,No,No,No,No,No,No,No,Yes,No,No,No,No,No,No,No,No,No,No,No,Yes,No,No,Yes,No,No,No,No,No,No,Yes,"(40.1546, -75.1027)"
2004030198,40,Luzerne,40227,Ross Twp,04,District 4-0,68P04,PSP - Shickshinny,2003,07,5,1350,13,Daylight,No adverse conditions,Dry,Hit fixed object, , ,Mid-block,Not applicable, ,Rural,0,2,2,1,No,No,,,1430,1710,  , ,No, , , ,No Controls, , , , , , , , , ,1,0,0,0,0,0,1,0,0,0,0,2,2,0,0,0,0,0,0,0,0,1,0,1,0,0,0,0,0,0,0,0,0,0,0,4,0,,, ,No,No,Yes,No,No,No,No,No,No,No,No,Yes,Yes,No,No,Yes,No,Yes,No,Yes,No,No,No,No,No,No,No,No,No,No,No,No,No,No,No,No,No,No,No,No,No,No,No,No,No,No,No,No,No,No,No,No,No,No,No,Yes,Yes,No,No,No,No,No,No,No,Yes,No,Yes,No,No,Yes,No,No,No,No,No,No,No,No,Yes,No,No,No,Yes,No,No,No,No,No,No,
2012095640,02,Allegheny,02108,McCandless Twp,11,District 11-0,02108,TOWN OF MCCANDLESS,2012,08,5,2346,23,Dark no street lights,No adverse conditions,Dry,Hit fixed object, , ,Mid-block,Not applicable, ,Urban,0,1,1,1,No,No,40 33:22.814,80 02:13.529,2351,2348,  , ,No, , , ,No Controls, , , , , , , , , ,1,0,0,0,1,0,0,0,0,0,0,1,1,0,0,0,0,0,0,1,0,0,0,1,0,0,0,0,0,0,0,0,0,0,0,4,0,40.5563,-80.0371, ,No,Yes,No,No,No,No,No,No,No,No,No,Yes,Yes,No,No,Yes,No,Yes,No,Yes,No,No,No,No,No,No,No,No,Yes,No,No,No,No,No,Yes,No,No,No,No,No,No,No,No,No,No,No,No,No,No,No,No,Yes,No,No,Yes,Yes,Yes,No,No,No,No,No,Yes,No,No,No,Yes,No,No,No,No,No,Yes,No,No,No,No,No,Yes,No,No,No,Yes,No,No,No,No,No,No,"(40.5563, -80.0371)"
1998109529,46,Montgomery,46107,Plymouth Twp,06,District 6-0,46107,PLYMOUTH TWP,1998,10,1,0427,04,Dark street lights,Rain,Wet,Hit fixed object, , ,T intersection,Stop sign, ,Urban,0,1,1,1,No,No,40 07:23.520,75 18:35.280,9999,9999,  , ,No, , , ,Device Functioning properly, , , , , , , , , ,1,0,0,0,0,0,1,0,0,0,1,0,1,0,0,0,0,0,0,0,0,0,0,1,0,0,0,0,0,0,0,0,0,0,0,3,0,40.1232,-75.3098, ,No,Yes,No,No,Yes,No,No,No,No,No,No,Yes,Yes,No,No,Yes,No,Yes,No,No,Yes,No,Yes,Yes,No,No,No,No,No,Yes,No,No,No,No,No,No,No,No,No,No,No,Yes,Yes,No,No,No,No,No,No,No,No,Yes,Yes,No,No,No,No,No,No,No,No,No,No,No,No,No,Yes,No,No,No,No,No,Yes,No,No,No,No,No,Yes,No,No,Yes,No,No,No,No,No,No,Yes,"(40.1232, -75.3098)"
2001236849,67,Philadelphia,67301,Philadelphia City,06,District 6-0,67301,PHILADELPHIA CITY,2001,03,6,1250,12,Daylight,Rain,Wet,Angle, , ,Four way intersection,Stop sign, ,Urban,0,1,5,2,No,No,39 59:51.360,75 07:18.120,9999,9999,  , ,No, , , ,Device Functioning properly, , , , , , , , , ,2,2,0,0,0,0,0,0,0,0,1,0,1,0,0,0,1,0,0,0,0,0,0,5,0,0,0,0,0,0,0,0,0,0,0,3,0,39.9975,-75.1218, ,No,Yes,No,No,Yes,No,No,No,No,No,No,No,No,No,No,Yes,No,Yes,No,No,Yes,No,Yes,Yes,No,No,No,No,No,No,No,No,No,No,No,No,No,No,No,No,No,No,No,No,Yes,No,No,No,No,No,No,No,No,No,No,No,Yes,No,No,Yes,No,No,No,No,No,No,Yes,No,No,No,No,No,No,Yes,No,No,No,No,No,No,No,Yes,No,No,No,No,No,No,No,"(39.9975, -75.1218)"
2008007879,22,Dauphin,22405,Halifax Boro,08,District 8-0,68H04,PSP - Elizabethville (Lykens),2008,01,7,0550,05,Dark street lights,No adverse conditions,Dry,Angle, , ,Mid-block,Not applicable, ,Rural,0,0,2,2,No,No,40 28:05.000,76 55:58.208,0611,0556,  , ,No, , , ,No Controls, , , , , , , , , ,2,1,0,0,1,0,0,0,0,0,0,0,0,0,0,0,0,1,0,0,1,0,0,1,0,0,0,0,0,0,0,0,0,0,0,0,0,40.4683,-76.9328, ,No,Yes,No,No,No,No,No,No,No,No,No,No,No,No,Yes,No,No,No,No,Yes,No,No,No,No,No,No,No,No,No,No,No,No,No,No,No,No,No,No,No,No,No,No,No,No,No,No,No,No,No,No,No,No,No,No,No,No,Yes,No,No,No,Yes,No,No,Yes,No,No,Yes,No,No,Yes,No,No,Yes,No,No,No,No,No,Yes,No,No,No,No,No,No,No,No,No,No,"(40.4683, -76.9328)"